StartDate,EndDate,Status,IPAddress,Progress,Duration (in seconds),Finished,RecordedDate,ResponseId,RecipientLastName,RecipientFirstName,RecipientEmail,ExternalReference,LocationLatitude,LocationLongitude,DistributionChannel,UserLanguage,Q1606,Q1796,Q1762,MFSQ492,Q1644,Q1645,Q1646,Q1647,Q1648,Q1649,Q1650,Q1651,Q1652,Q1653,Q1654,Q1655,Q1656,Q1657,Q1658,Q1756,Q1660,Q1732,Q1733,Q1734,Q1735,Q1736,Q1737,Q1738,Q1739,Q1740,Q1741,Q1742,Q1743,Q1744,Q1745,Q1746,Q1757,Q1793_1,Q1793_2,Q1793_3,Q1793_4,Q1793_5,Q1793_6,Q1793_7,Q1793_8,Q1793_9,Q1793_10,Q1793_11,Q1793_12,Q1793_13,Q1793_14,Q1793_15,Q1793_16,Q1793_17,Q1793_18,Q1793_19,Q1793_20,Q1793_21,Q1793_22,Q1793_23,Q1793_24,Q1793_25,Q1793_26,Q1793_27,Q1793_28,Q1793_29,Q1793_30,Q1793_31,Q1793_32,Q1793_33,Q1793_34,Q1793_35,Q1793_36,Q1793_37,Q1793_38,Q1793_39,Q1793_40,Q1793_41,Q1793_42,Q1793_43,Q1793_44,Q1793_45,Q1793_46,Q1793_47,Q1793_48,Q1793_49,Q1793_50,Q1793_51,Q1793_52,Q1793_53,Q1793_54,Q1793_55,Q1793_56,Q1793_57,Q1793_58,Q1793_59,Q1793_60,Q1534,Q1535_4,Q1536,Q1537,Q1538,Q1539,Q1540,Q1541,Q1542,Q1543,Q1544,Q1545,Q1546,Q1547,Q1567,Q1548,Q1549,Q1550,Q1551,Q1331_1,Q1691,Q1692,Q1693,Q1694,Q1349_1,Q1755,Q1747,Q1748,Q1749,Q1750,Q1799,Q1751,Q1752,Q1753,Q1754,Q1569_1,Q1569_2,Q1569_3,Q1569_4,Q1569_5,Q1569_6,Q1578_1,Q1758,Q1759,Q1792,Q1793,Q1794,Q1763,Q1764,Q1765,Q1766,Q1767,Q1768,Q1769,Q1770,Q1771,Q1772,Q1773,Q1774,Q1775,Q1776,Q1777,Q1778,Q1779,Q1800,Q1780,Q1781,Q1782,Q1783,Q1784,Q1612_1,Q1786,Q1787,Q1788,Q1622,Q1789,Q1790,Q1791,Q1634_1,Q1634_2A,Q1634_2B,Q1634_3,Q1797,Q1802_1,Q1802_2,Q1802_3,Q1802_4,Q1802_5,Q1802_6,Q1802_7,SC0,completion code
2020-03-12 19:02:17,2020-03-12 19:08:14,0,196.17.67.91,100,357,1,2020-03-12 19:08:16,R_2qyFy0ORacEErYZ,,,,,34.05439758,-118.2440033,anonymous,EN,aV7OwysJ,,1,18,10,11,10,11,10,11,10,11,10,11,10,11,10,11,9,11,8,7,8,7,8,7,8,7,8,6,8,7,8,7,8,7,9,4,3,4,4,2,4,3,5,4,4,4,2,4,3,4,4,3,4,4,3,4,4,2,4,3,4,4,3,4,2,4,3,4,3,4,4,2,4,3,5,2,4,3,4,4,3,4,2,4,3,4,3,4,3,4,4,2,4,3,4,1,28,2,4,1,1,2,2,4,3,2,3,55000,IT,16,"IT, Sofware Engineer",2,1,1,27,26,27,26,27,7,5,7,5,7,3,,7,6,7,3,2,2,3,3,3,2,4,3,3,4,3,4,3,4,3,4,3,4,2,4,2,4,2,4,2,4,3,4,3,,4,4,4,3,4,6,4,6,4,6,4,4,6,6,3,10,6,,,,,,,,,243,R_2qyFy0ORacEErYZ
2020-03-12 18:59:10,2020-03-12 19:08:21,0,73.138.104.199,100,550,1,2020-03-12 19:08:21,R_20VtsEPwCmS1GQ4,,,,,25.77029419,-80.2071991,anonymous,EN,w5DG17p0,,1,18,10,10,12,8,7,10,10,11,9,12,11,12,9,11,7,7,9,9,9,8,9,9,9,9,4,4,4,9,4,8,9,9,9,1,1,1,5,5,5,5,1,5,4,2,1,5,1,4,5,5,5,1,1,5,1,1,5,1,3,1,1,5,2,5,1,5,1,1,1,4,5,1,4,2,5,5,5,1,1,5,1,5,5,1,5,5,1,1,2,1,1,1,4,1,28,2,3,1,1,2,2,2,4,1,1,55000,computer science,16,full time manager,2,2,2,28,22,22,28,22,10,10,10,6,10,9,,9,9,9,4,2,1,2,1,1,1,3,1,4,5,1,1,1,2,1,1,3,1,5,5,1,5,1,5,5,1,2,1,5,,1,3,5,1,3,1,3,2,3,14,14,14,14,100,25,10,10,,,,,,,,,241,R_20VtsEPwCmS1GQ4
2020-03-12 18:59:40,2020-03-12 19:10:25,0,69.23.233.96,100,645,1,2020-03-12 19:10:26,R_1Nm0X6PjEU12kFa,,,,,38.2131958,-84.54550171,anonymous,EN,ZAtx6CUR,,1,14,12,7,10,7,7,7,7,7,7,7,12,7,7,12,7,7,9,9,9,9,7,9,9,9,4,9,7,7,4,7,9,9,9,5,1,1,5,5,5,5,1,5,5,5,2,5,1,5,3,5,5,4,1,5,1,1,5,1,1,1,1,5,5,1,5,5,1,1,1,1,5,1,5,5,5,5,5,3,3,5,1,5,5,1,5,5,1,3,5,1,1,1,5,2,43,2,3,8,8,1,1,1,1,1,2,77000,Healthcare Administration - Business,16,Health Insurance - Manager,2,1,2,28,22,22,28,22,4,4,4,9,4,4,,4,4,9,4,2,1,1,1,1,1,1,3,1,5,1,1,5,5,5,1,5,5,5,5,1,1,1,4,5,1,5,1,1,,1,5,1,1,5,4,4,4,4,14,14,14,14,40,25,20,5,,,,,,,,,235,R_1Nm0X6PjEU12kFa
2020-03-12 19:01:19,2020-03-12 19:10:39,0,47.39.22.254,100,559,1,2020-03-12 19:10:40,R_2zu9MMk3P0gFcM8,,,,,43.21510315,-124.1983948,anonymous,EN,2OsQQK3Z,,1,18,12,7,9,8,7,11,12,8,7,7,12,12,8,10,7,7,9,9,4,8,5,9,8,8,7,5,7,8,8,7,6,4,9,1,5,5,1,4,4,4,5,1,5,2,5,1,5,5,4,1,2,5,2,2,4,4,2,5,5,4,4,1,4,4,5,2,5,5,2,2,5,5,2,2,5,1,1,1,4,5,4,1,5,2,5,4,5,5,4,2,4,5,4,2,45,2,2,1,11,1,1,1,1,1,1,27000,accounting,14,not working,1,1,2,22,28,31,22,28,9,4,3,4,9,5,,6,9,9,4,2,1,1,1,2,2,1,5,3,2,2,2,2,3,5,4,5,2,2,2,3,1,5,2,4,5,5,5,2,,1,5,1,1,3,4,6,14,14,6,2,6,6,10,35,60,15,,,,,,,,,245,R_2zu9MMk3P0gFcM8
2020-03-12 18:58:18,2020-03-12 19:11:41,0,162.204.57.19,100,802,1,2020-03-12 19:11:42,R_1mr2JUsmUeOYL07,,,,,42.08070374,-88.51699829,anonymous,EN,aPO6mMV7,,1,17,11,10,11,10,11,11,11,11,11,11,10,10,11,10,11,7,7,8,8,8,7,8,7,8,8,8,7,8,8,7,8,8,9,4,4,4,4,4,4,4,2,4,4,4,3,4,4,4,4,3,4,3,4,3,4,4,4,4,4,4,4,4,3,4,4,3,2,4,4,3,4,4,4,4,2,4,4,3,4,4,4,4,4,4,4,4,3,3,3,4,4,4,4,,73,2,2,1,1,2,2,5,4,3,3,39000,none,12,labor,1,2,2,22,28,24,24,27,6,6,6,6,5,5,,5,6,6,6,2,2,2,3,2,1,4,4,3,3,3,4,4,4,4,3,4,4,4,4,4,3,4,3,4,4,4,3,3,,4,4,4,4,4,6,4,6,6,6,4,6,6,10,8,30,60,,,,,,,,,253,R_1mr2JUsmUeOYL07
2020-03-12 19:02:28,2020-03-12 19:12:09,0,8.6.84.157,100,581,1,2020-03-12 19:12:10,R_1FwGjKJUlOtE2zF,,,,,36.52760315,-93.93589783,anonymous,EN,vsJDnjLj,,1,14,8,9,9,11,7,10,11,10,11,11,12,12,10,12,12,7,9,9,9,9,9,9,9,9,9,9,9,4,4,4,7,9,9,1,4,4,5,4,2,5,4,5,5,4,1,5,1,4,5,1,1,1,1,1,1,4,5,1,4,5,4,5,4,4,4,2,1,1,1,1,2,1,5,2,1,5,5,1,1,1,2,5,4,1,5,4,1,5,2,4,1,1,4,1,55,2,1,1,1,4,1,2,6,1,1,12000,none,11,Full time employed Webmaster,2,2,2,28,22,22,28,22,9,10,4,9,9,9,,4,5,4,4,1,1,1,1,1,1,5,4,5,1,1,1,3,1,4,3,1,1,4,4,5,1,2,1,4,4,1,4,3,,1,1,2,1,1,14,14,14,14,14,14,14,14,25,30,20,50,,,,,,,,,234,R_1FwGjKJUlOtE2zF
2020-03-12 19:01:28,2020-03-12 19:16:03,0,24.253.126.227,100,874,1,2020-03-12 19:16:04,R_8BQ40c7Sx7d6HAd,,,,,36.20820618,-115.2957001,anonymous,EN,3eryCPLE,,1,18,11,10,11,11,7,11,11,11,11,7,11,12,11,11,11,7,9,9,7,9,9,9,8,8,8,7,8,9,5,8,9,8,9,2,5,2,4,4,4,4,1,4,5,1,1,5,1,4,4,1,4,1,1,4,1,1,4,4,1,4,1,4,1,4,4,4,1,1,1,1,4,1,5,4,1,4,4,1,4,1,1,4,5,1,4,5,1,1,5,4,1,1,5,2,52,2,4,1,1,2,3,3,6,6,3,42000,business,18,project manager manufacturing,3,2,2,22,22,28,32,26,1,6,6,4,10,3,,10,10,3,10,1,1,1,1,1,1,2,4,1,1,3,1,4,4,5,4,5,3,5,1,1,1,3,1,4,4,5,4,4,,1,5,1,1,4,6,6,14,14,14,6,4,6,10,30,20,20,,,,,,,,,289,R_8BQ40c7Sx7d6HAd
2020-03-12 19:13:09,2020-03-12 19:17:11,0,72.221.114.234,100,242,1,2020-03-12 19:17:12,R_3NVy79nMKmQGsNk,,,,,41.88600159,-71.34570313,anonymous,EN,oEFhKj3D,,1,18,10,11,10,10,9,11,10,10,11,10,10,11,11,10,10,7,8,8,7,8,6,6,7,6,7,6,5,7,8,7,7,6,9,4,3,3,4,2,4,3,4,2,4,4,3,4,3,4,3,4,2,2,4,3,3,2,3,2,4,4,4,3,4,3,2,2,4,3,3,4,4,3,3,3,2,4,2,2,4,4,3,3,2,4,4,4,3,4,4,4,3,4,2,1,30,2,3,1,1,2,3,3,3,3,1,42214,Retail,13,retail,3,1,2,26,24,24,27,24,7,4,7,4,6,3,,5,4,5,4,2,3,2,2,2,1,4,3,4,3,4,2,4,3,3,4,3,4,3,4,2,3,3,4,3,4,3,3,3,,4,4,3,2,3,6,4,3,6,4,3,4,3,20,20,32,25,,,,,,,,,251,R_3NVy79nMKmQGsNk
2020-03-12 19:09:55,2020-03-12 19:19:46,0,138.229.206.3,100,591,1,2020-03-12 19:19:47,R_w7QFfjBnGDJ2RIl,,,,,33.78399658,-118.1853943,anonymous,EN,5ORauwUN,,1,19,12,7,7,12,7,12,9,12,11,7,8,11,10,9,11,7,8,7,8,9,6,8,8,7,8,7,8,9,9,8,7,8,9,1,4,2,4,3,4,4,1,4,1,2,3,4,1,1,2,1,4,4,2,2,4,1,1,2,2,2,1,4,1,1,1,2,2,1,1,1,4,3,2,5,1,4,3,4,4,2,3,4,3,2,4,4,1,2,4,3,4,3,4,1,32,3,3,1,1,3,3,4,5,6,3,35000,computer science,16,cpu support specialist,1,2,2,22,26,32,24,24,2,4,5,9,4,2,,4,3,2,3,1,1,1,1,1,1,2,3,2,3,2,4,3,4,3,2,3,2,4,4,3,4,3,4,2,2,4,4,5,,3,4,3,2,3,2,2,3,2,3,4,3,4,200,25,35,10,,,,,,,,,252,R_w7QFfjBnGDJ2RIl
2020-03-12 19:04:08,2020-03-12 19:20:11,0,97.89.234.97,100,963,1,2020-03-12 19:20:12,R_2fiIdafcT5YEiT9,,,,,35.45019531,-79.13619995,anonymous,EN,lkC8NMWO,,1,19,12,12,12,12,7,12,12,12,12,12,12,12,12,12,12,7,9,9,5,6,9,9,9,9,7,8,9,9,9,7,5,9,9,2,5,3,3,4,2,5,3,3,4,4,4,4,2,2,5,1,3,2,4,2,2,5,2,3,4,5,3,4,4,4,4,2,4,4,5,2,2,3,3,3,4,4,4,4,2,2,3,2,2,4,4,4,3,4,2,4,3,2,2,2,39,8,2,3,3,3,3,3,6,1,3,19000,Medical Office Admin,13,student,1,2,2,22,24,27,27,27,4,10,10,4,4,10,,10,10,10,10,2,1,1,1,1,2,5,5,1,1,1,3,3,5,5,5,5,2,3,2,3,5,4,2,3,5,5,5,5,,3,5,5,3,5,1,1,1,1,2,14,14,14,60,30,35,20,,,,,,,,,266,R_2fiIdafcT5YEiT9
2020-03-12 19:06:31,2020-03-12 19:22:53,0,173.198.160.217,100,981,1,2020-03-12 19:22:54,R_5v6tPL09JGO8FXz,,,,,43.96009827,-111.6975021,anonymous,EN,gd3OIQ0t,,1,16,9,12,9,9,7,9,9,9,9,8,9,9,9,12,10,7,7,7,9,7,7,9,7,7,7,7,9,4,4,6,7,7,9,4,4,2,4,1,5,4,1,5,5,1,2,4,1,5,2,1,4,4,4,5,1,1,5,1,1,4,2,4,1,1,4,4,3,4,2,3,5,1,5,5,1,5,4,1,4,3,2,3,2,2,4,5,1,1,5,4,2,2,5,2,58,2,3,1,1,3,3,1,6,6,3,24000,Science,16,Manufacturing-Supervisor,1,2,1,32,27,24,31,26,3,10,4,4,4,3,,4,3,2,10,2,2,2,2,2,2,2,3,1,1,3,2,3,4,4,2,5,1,1,1,1,3,3,1,4,4,5,4,3,,2,5,3,2,5,4,4,14,14,4,6,6,14,25,30,20,0.5,,,,,,,,,280,R_5v6tPL09JGO8FXz
2020-03-12 19:06:39,2020-03-12 19:23:05,0,73.169.119.154,100,986,1,2020-03-12 19:23:06,R_29vkbh1bFlkUUqR,,,,,39.58839417,-105.0775986,anonymous,EN,zrwNx8or,,1,16,11,11,9,11,7,11,11,9,10,10,11,11,8,8,12,7,8,8,9,8,8,9,5,8,8,8,8,9,5,8,8,8,9,1,5,1,3,4,1,5,3,2,2,4,2,4,2,2,5,1,5,2,2,2,2,2,2,5,5,5,1,3,5,5,4,5,5,2,4,1,4,4,1,1,1,4,4,4,1,1,1,1,4,1,4,4,4,5,2,4,1,4,1,2,62,2,3,1,1,4,4,2,6,1,5,1999,Business Admiistration,16,Customer Service in banking,2,2,2,28,22,22,28,22,2,4,3,9,9,4,,6,7,7,7,1,1,1,1,1,1,2,4,3,1,2,5,4,2,5,5,2,2,2,1,2,2,4,1,3,4,3,5,2,,3,2,1,4,3,6,14,14,14,6,4,6,6,50,25,35,50,,,,,,,,,251,R_29vkbh1bFlkUUqR
2020-03-12 19:12:55,2020-03-12 19:24:18,0,45.36.240.171,100,682,1,2020-03-12 19:24:19,R_RdZtvjbPihwJmzD,,,,,36.021698,-79.7838974,anonymous,EN,TwPqcu7u,,1,18,11,10,10,12,7,10,11,10,10,11,12,12,11,12,11,7,8,9,8,9,9,9,8,9,6,7,8,8,6,7,9,6,9,5,5,1,5,3,4,5,1,4,4,2,1,5,1,4,1,2,5,2,3,3,1,1,5,2,1,3,1,4,2,1,4,5,2,4,1,2,4,1,4,4,1,5,5,1,5,4,1,4,1,4,5,4,1,2,3,4,1,1,4,2,61,2,2,1,12,2,3,1,1,3,4,54000,none,12,"Dietary aide, full time",1,2,2,22,26,24,31,26,2,6,3,5,2,4,,6,4,6,6,2,1,1,1,1,2,3,5,2,1,2,2,4,5,4,2,4,4,3,2,2,2,2,2,4,4,5,3,3,,2,5,2,2,5,3,6,6,6,14,14,4,14,40,35,35,25,,,,,,,,,297,R_RdZtvjbPihwJmzD
2020-03-12 19:15:29,2020-03-12 19:28:06,0,69.209.27.95,100,757,1,2020-03-12 19:28:07,R_3NQTHFvNQ0oGLh4,,,,,37.80430603,-122.2155991,anonymous,EN,m7EvsSNN,,1,17,11,7,8,7,7,9,10,10,7,7,10,12,10,11,7,7,8,9,6,7,5,9,9,9,8,5,5,6,8,7,6,4,9,1,4,2,1,5,1,4,5,1,4,4,5,3,5,1,5,3,5,5,3,1,3,5,1,2,5,1,2,1,5,5,3,5,5,4,5,4,3,5,2,1,4,4,2,4,1,4,1,1,2,5,4,3,5,3,1,1,3,5,1,1,39,2,2,11,7,1,1,1,1,1,1,10000,None,12,Self-employed,1,1,2,22,26,31,22,27,4,2,9,4,2,3,,6,2,3,5,2,1,1,1,1,1,4,3,4,3,5,5,1,4,5,5,4,1,1,2,4,5,5,1,1,5,4,5,5,,5,3,5,5,4,3,4,14,6,14,14,1,6,25,30,23,50,,,,,,,,,221,R_3NQTHFvNQ0oGLh4
2020-03-12 19:09:22,2020-03-12 19:29:27,0,103.143.108.200,100,1205,1,2020-03-12 19:29:28,R_2AWoUYYpVWGTdW7,,,,,11.10760498,77.35641479,anonymous,EN,fqwC59NW,,1,18,9,10,11,10,11,8,9,11,11,9,10,10,11,10,11,7,8,7,8,9,8,8,5,8,7,8,7,5,6,6,7,6,9,4,3,4,4,4,3,5,4,3,4,3,4,3,5,4,4,3,3,4,3,4,3,3,3,4,3,4,5,4,3,4,3,4,4,3,4,3,2,4,4,3,4,5,3,4,4,3,2,3,4,3,4,3,2,4,3,4,3,4,3,1,37,4,3,6,6,2,3,5,5,5,3,90000,MECHANICAL,22,MANAGER,2,2,2,27,24,26,27,24,6,5,4,5,3,5,,3,6,5,4,2,2,1,2,3,2,4,3,3,4,3,3,4,3,3,4,2,3,3,4,3,3,4,3,4,3,4,3,4,,4,3,4,3,3,6,6,14,14,14,6,6,14,30,25,20,10,,,,,,,,,246,R_2AWoUYYpVWGTdW7
2020-03-12 19:16:12,2020-03-12 19:30:29,0,68.60.158.123,100,857,1,2020-03-12 19:30:30,R_21iHw0i2LmL0qkj,,,,,42.72869873,-83.0279007,anonymous,EN,kAMrs3cO,,1,17,10,7,8,7,7,9,10,8,8,8,10,11,8,10,7,7,5,7,6,8,8,7,5,8,7,8,5,7,8,7,8,5,9,1,4,2,5,4,1,4,4,4,2,4,4,5,2,2,5,4,4,4,4,2,4,2,4,5,2,4,2,4,4,5,4,4,4,2,2,4,4,4,4,4,2,4,4,4,1,4,2,4,2,4,5,4,1,4,2,4,4,4,2,2,36,2,3,1,8,1,1,1,1,3,1,25000,Computer Science,17,Clickworker,3,1,2,22,26,24,22,27,9,10,3,5,4,3,,3,9,2,4,2,2,1,2,2,2,4,2,4,4,2,2,4,4,2,4,3,4,4,3,3,2,4,4,4,2,4,2,2,,2,3,4,2,4,6,6,14,14,14,6,2,6,25,25,20,33,,,,,,,,,205,R_21iHw0i2LmL0qkj
2020-03-12 19:20:10,2020-03-12 19:31:34,0,157.51.225.208,100,683,1,2020-03-12 19:31:35,R_1CflcQ3XrgLuoBF,,,,,13.08599854,80.27508545,anonymous,EN,w6OM7v6w,,1,15,9,10,8,11,11,10,8,8,8,8,7,7,8,9,8,7,7,8,8,9,8,8,8,9,8,9,9,6,8,9,8,8,9,4,5,4,5,4,5,5,2,4,4,5,5,3,4,4,2,4,5,3,4,3,5,4,4,5,5,4,4,3,5,3,4,4,3,4,4,4,3,3,4,4,3,4,5,5,4,4,5,5,4,4,3,4,5,3,4,4,5,5,5,1,33,4,3,1,1,2,2,3,3,3,3,10000,Mathematics,16,manager,1,2,2,27,31,31,27,22,7,6,6,7,5,6,,5,6,7,7,3,2,3,2,3,2,4,4,3,4,5,4,5,4,4,5,5,4,4,5,3,4,5,4,4,5,4,4,5,,5,4,4,5,4,14,6,6,14,6,6,4,6,30,5,10,15,,,,,,,,,215,R_1CflcQ3XrgLuoBF
2020-03-12 19:21:19,2020-03-12 19:33:25,0,98.247.142.31,100,725,1,2020-03-12 19:33:25,R_3egzAgw3dGg72R5,,,,,47.63000488,-122.2971954,anonymous,EN,mkdGXT4f,,1,18,12,7,8,7,7,12,12,9,7,7,12,12,8,9,7,7,9,9,4,7,5,9,9,4,4,4,4,7,8,4,7,4,9,2,5,2,1,1,3,5,3,1,5,2,4,3,5,3,2,1,4,5,5,3,2,5,3,1,2,1,2,1,1,5,5,3,5,5,2,2,3,5,4,1,3,3,1,2,3,1,3,1,1,3,5,4,5,1,3,2,5,5,4,2,47,2,4,12,8,1,1,1,1,1,2,41000,"English Lit, Psychology, Conservation Biology",24,"College professor, Psychology",1,2,2,22,28,22,22,28,2,10,4,7,4,10,,6,9,2,2,2,1,1,1,2,2,4,5,3,2,5,3,1,5,5,2,4,1,2,1,2,5,2,1,3,5,4,5,4,,2,1,5,3,5,2,14,14,14,14,14,14,14,25,30,20,20,,,,,,,,,276,R_3egzAgw3dGg72R5
2020-03-12 19:18:26,2020-03-12 19:34:38,0,162.154.153.84,100,972,1,2020-03-12 19:34:40,R_1pMXp2fWQ2524j5,,,,,40.7960968,-81.37979889,anonymous,EN,JvHLkdac,,1,18,11,12,10,10,7,11,12,10,11,11,12,11,10,11,11,7,8,9,9,8,8,9,4,8,7,8,8,4,4,7,7,6,9,4,5,2,3,2,3,5,1,4,5,2,2,4,2,3,3,4,4,2,2,2,2,1,4,2,2,4,2,4,3,3,2,2,2,2,3,2,4,3,3,3,2,5,4,3,3,3,3,2,2,2,4,4,2,2,4,3,3,3,4,1,64,2,3,1,1,2,2,3,3,1,5,52000,business,16,it manager4,2,2,2,28,22,22,27,22,3,6,7,7,6,5,,6,7,5,10,2,2,2,1,1,2,4,4,2,2,4,3,4,4,5,2,4,1,3,2,4,5,4,1,3,4,4,4,4,,3,4,5,3,4,14,14,14,14,6,6,6,14,10,30,23,4,,,,,,,,,271,R_1pMXp2fWQ2524j5
2020-03-12 19:42:42,2020-03-12 19:44:47,0,64.130.181.82,100,124,1,2020-03-12 19:44:48,R_W9kyfvvrodqsimR,,,,,36.99040222,-85.92389679,anonymous,EN,ssV5bSIv,,1,19,7,9,10,8,9,10,8,8,10,10,11,9,10,11,10,8,6,4,6,9,8,4,4,6,7,4,8,9,9,4,6,7,9,3,1,3,5,3,1,2,1,4,2,3,3,4,1,3,5,3,1,2,1,2,4,4,5,3,4,5,4,2,3,4,2,2,4,4,5,3,4,5,4,2,3,4,2,2,4,4,5,3,4,5,4,2,3,4,2,2,4,4,5,1,29,2,2,8,11,1,1,1,1,1,1,33000,n/a,12,"retail, manager",1,1,2,22,28,24,31,27,2,3,4,3,9,2,,3,9,9,3,2,1,3,2,2,1,3,2,3,3,2,3,4,2,2,4,4,5,3,4,5,4,2,3,4,2,2,4,4,,5,3,4,5,4,6,6,6,2,3,3,6,3,500,30,50,5,,,,,,,,,203,R_W9kyfvvrodqsimR
2020-03-12 19:23:11,2020-03-12 19:50:37,0,68.96.244.242,100,1645,1,2020-03-12 19:50:39,R_24H3GJEL6U1vhjk,,,,,36.19619751,-115.263298,anonymous,EN,WN0VE4FZ,,1,19,12,7,7,11,7,11,11,8,7,7,12,12,8,8,10,7,8,8,8,8,8,9,9,8,7,8,7,5,7,5,5,7,9,5,4,2,4,1,5,4,1,5,5,1,3,5,1,5,3,4,4,4,5,5,1,2,5,1,1,3,2,5,1,1,4,4,2,5,3,4,5,2,5,5,2,5,5,1,5,2,1,5,1,3,4,5,2,1,5,5,3,2,5,2,39,2,2,12,5,3,4,3,6,6,4,28000,art,15,hospitality - entertainer,3,1,2,24,24,26,32,26,3,10,4,3,3,10,,4,4,3,4,2,2,2,2,1,2,3,3,1,1,5,1,1,5,4,1,4,1,5,1,3,3,1,3,5,4,5,4,4,,1,5,3,1,4,4,4,14,14,14,14,14,14,25,25,35,5,,,,,,,,,278,R_24H3GJEL6U1vhjk
2020-03-12 19:31:02,2020-03-12 19:54:29,0,71.51.191.95,100,1407,1,2020-03-12 19:54:30,R_1rCkPCeet53PVXn,,,,,38.03210449,-78.48899841,anonymous,EN,dbNJPQT8,,1,15,11,11,9,7,7,11,10,12,9,7,10,12,12,10,7,7,7,9,8,9,4,8,9,9,7,5,6,9,4,9,9,6,9,5,5,1,4,2,4,5,1,4,5,1,1,4,3,5,1,1,4,2,4,4,1,1,5,1,1,4,1,4,2,1,5,4,1,5,3,1,5,3,2,4,1,5,4,1,5,1,1,4,1,1,5,4,1,1,2,3,5,1,1,2,25,2,2,11,11,1,4,2,1,6,2,42000,healthcare,14, healthcare cna,3,2,2,32,26,28,24,24,9,6,10,10,3,7,,6,6,4,10,2,1,1,1,1,1,2,4,1,2,1,2,4,5,2,1,5,1,4,4,1,2,1,1,5,3,5,4,1,,1,4,1,2,3,2,1,1,2,6,6,14,6,10,30,20,0.5,,,,,,,,,285,R_1rCkPCeet53PVXn
2020-03-12 19:47:53,2020-03-12 19:56:10,0,108.66.4.224,100,496,1,2020-03-12 19:56:10,R_338xig1OHSgyPzd,,,,,37.2507019,-121.8359985,anonymous,EN,JNSeqF0i,,1,18,11,10,9,8,8,12,11,10,8,8,12,11,10,10,7,7,9,8,4,7,7,9,8,6,4,4,5,6,9,5,7,5,9,1,4,2,1,2,2,4,2,1,5,5,4,3,4,3,5,2,4,5,5,1,2,4,1,2,4,1,2,1,1,5,2,4,5,5,4,4,4,5,4,1,5,4,2,2,1,4,2,2,2,1,4,4,5,2,1,1,4,5,3,2,28,2,3,1,8,1,1,3,1,1,2,17000,Digital Media Art,15,"Student/Working full time, Illustrator",1,1,2,22,28,32,22,28,2,10,7,7,7,7,,4,2,2,4,2,2,2,2,2,2,5,4,2,4,5,5,1,5,4,5,4,1,2,2,2,2,5,2,2,4,4,4,2,,4,4,4,4,5,2,3,3,4,6,14,3,6,25,30,23,4,,,,,,,,,256,R_338xig1OHSgyPzd
2020-03-12 19:43:20,2020-03-12 19:57:40,0,75.133.32.65,100,860,1,2020-03-12 19:57:41,R_2SJHJw5kSNh2wvI,,,,,44.44549561,-83.35810089,anonymous,EN,naXDwzU1,,1,15,8,7,8,9,7,10,8,8,8,9,10,10,9,9,8,7,7,7,7,7,7,8,7,7,6,7,8,8,7,6,5,6,9,3,5,4,4,2,2,4,2,4,5,1,2,4,2,3,2,1,4,4,4,2,2,2,4,2,2,4,2,4,2,4,4,4,2,4,2,3,4,3,4,4,2,3,3,2,4,2,2,3,2,3,4,5,2,2,4,4,1,2,3,2,51,2,2,1,7,1,2,1,2,5,3,89000,No college.,12,Owner of small hotel.,3,2,2,24,22,26,26,31,9,5,5,3,2,6,,7,4,4,5,2,2,1,1,2,2,2,5,2,1,4,4,3,4,5,4,4,3,2,2,1,2,4,1,3,5,4,5,3,,3,4,4,2,3,3,3,6,6,3,3,6,3,70,25,12,15,,,,,,,,,246,R_2SJHJw5kSNh2wvI
2020-03-12 19:51:21,2020-03-12 20:09:40,0,76.100.197.204,100,1099,1,2020-03-12 20:09:41,R_3DkGU16NjaZrvgN,,,,,39.32479858,-76.60620117,anonymous,EN,zeRcEHIn,,1,18,11,8,8,9,7,12,12,9,9,8,12,12,9,10,7,7,9,9,6,6,7,9,8,9,7,7,4,6,9,6,4,4,9,4,5,1,5,5,3,5,1,5,5,1,1,5,1,5,3,1,5,1,5,3,1,1,5,1,1,5,1,5,1,3,5,5,1,5,1,1,5,1,5,3,1,5,5,1,3,1,1,5,1,4,5,5,1,1,4,4,1,1,5,1,48,1,3,1,1,1,2,2,2,5,5,62000,English,16,Full time Airline employee Ground Crew,1,1,2,22,28,32,22,28,9,10,3,1,9,10,,10,10,4,7,3,3,1,2,2,1,5,4,3,3,5,2,1,4,4,4,4,1,3,2,2,5,2,1,4,5,4,5,5,,1,3,5,3,3,1,1,14,4,1,3,4,3,25,25,60,10,,,,,,,,,290,R_3DkGU16NjaZrvgN
2020-03-12 19:56:20,2020-03-12 20:10:39,0,76.18.212.179,100,858,1,2020-03-12 20:10:39,R_TuBvVYi0F1TlnBT,,,,,30.0821991,-81.54979706,anonymous,EN,IcxzdmfO,,1,18,12,9,9,8,7,10,12,10,8,8,12,11,10,10,7,7,7,8,7,8,5,9,9,6,5,5,5,5,7,7,7,5,9,1,5,2,3,2,2,5,2,3,4,3,1,4,3,3,5,1,4,4,4,2,1,2,3,2,4,2,3,2,2,5,3,4,4,5,4,2,3,4,4,2,3,4,3,1,1,2,1,2,3,2,4,4,4,1,2,3,2,3,3,1,32,2,3,1,7,1,1,1,1,1,1,49000,Biology,16,geographic information systems analyst,1,1,2,22,27,31,22,28,3,10,4,5,4,7,,5,9,2,4,2,2,2,2,2,2,4,4,2,2,3,4,2,5,4,3,5,2,2,2,1,2,3,1,3,4,5,4,3,,3,5,4,2,5,4,4,3,6,6,4,3,14,25,30,20,50,,,,,,,,,259,R_TuBvVYi0F1TlnBT
2020-03-12 19:58:09,2020-03-12 20:13:07,0,223.182.197.62,100,898,1,2020-03-12 20:13:09,R_qVpA5gtDSfQDaWl,,,,,11.00750732,76.96710205,anonymous,EN,A2GRJVN7,,1,18,10,11,10,10,11,10,11,10,11,10,11,10,11,10,11,7,8,7,8,7,8,7,8,7,8,7,8,7,8,7,8,7,9,3,4,3,4,5,4,3,4,3,3,4,5,4,4,5,4,5,4,4,5,4,5,4,3,4,5,4,4,5,4,3,4,5,4,5,4,4,3,4,5,4,4,5,4,5,4,5,5,4,4,5,4,5,4,4,5,4,3,4,5,1,28,4,3,6,6,2,3,5,4,4,3,15000,maths ,16,quality manager ,3,1,1,26,27,28,26,27,5,6,4,5,6,5,,5,6,5,4,2,2,1,1,1,1,4,3,4,3,4,3,4,3,4,3,4,3,4,3,4,3,4,3,4,5,4,3,4,,3,4,3,4,3,4,6,4,6,4,6,4,6,200,5,6,15,,,,,,,,,251,R_qVpA5gtDSfQDaWl
2020-03-12 20:04:00,2020-03-12 20:17:00,0,108.198.54.104,100,780,1,2020-03-12 20:17:01,R_3oLyA11jx1QUg38,,,,,33.91349792,-84.68589783,anonymous,EN,01rSsifR,,1,18,11,9,11,9,7,10,12,9,9,10,12,12,10,11,10,7,8,9,6,8,7,9,7,8,6,8,7,8,5,6,6,8,9,4,5,2,4,4,4,5,2,4,5,2,1,5,2,5,3,2,4,3,5,4,1,2,2,2,2,5,2,3,3,4,5,3,4,5,2,1,4,3,5,3,3,5,3,1,4,1,2,4,1,3,5,5,4,2,4,3,2,3,5,2,29,1,2,1,1,2,3,3,6,4,2,41000,Business Management,15,Project Manager - Information,1,2,2,24,26,27,32,26,4,7,7,6,4,5,,7,4,6,7,2,1,1,1,1,2,5,5,1,2,4,3,2,5,4,3,5,1,4,2,1,5,2,1,4,5,5,5,5,,2,5,5,2,5,3,6,6,6,14,4,3,6,0.33,30,35,30,,,,,,,,,303,R_3oLyA11jx1QUg38
2020-03-12 20:11:24,2020-03-12 20:20:08,0,108.64.75.194,100,523,1,2020-03-12 20:20:08,R_264Ew5tPlQuc9N6,,,,,38.06629944,-122.1654968,anonymous,EN,YgSlD5mK,,1,19,12,11,12,9,7,11,12,12,12,9,12,12,11,11,10,7,8,8,7,8,4,9,9,9,8,8,7,4,8,8,8,6,9,1,5,2,2,1,2,4,2,2,4,2,4,4,5,4,5,1,5,5,4,2,1,2,2,4,2,4,2,1,1,5,4,4,5,5,4,2,5,4,1,2,4,5,2,1,1,2,2,1,1,5,5,5,4,2,4,2,2,5,4,2,36,2,3,11,7,1,2,1,1,1,2,75000,Japanese and art,16,photographer - manager (entertainment and media),1,1,2,22,27,26,31,27,5,7,10,6,5,10,,10,6,7,10,2,2,2,2,2,2,4,5,2,2,5,4,2,5,5,5,5,1,2,2,2,4,5,1,1,5,5,5,5,,5,4,5,5,4,2,2,4,6,14,6,6,14,35,25,15,25,,,,,,,,,297,R_264Ew5tPlQuc9N6
2020-03-12 20:10:52,2020-03-12 20:26:14,0,50.27.10.252,100,922,1,2020-03-12 20:26:15,R_1rIxHDkSiZn4Y6a,,,,,33.59030151,-101.9371033,anonymous,EN,rN09W2Hk,,1,17,10,8,8,9,7,10,10,8,9,9,12,12,8,10,10,7,8,7,8,7,7,9,7,8,5,5,7,9,7,7,6,7,9,2,4,1,3,3,2,5,2,4,4,2,3,5,2,3,4,2,5,4,3,3,1,2,3,2,2,4,1,4,2,4,4,5,4,3,3,2,5,3,4,4,3,4,4,2,2,2,1,2,2,3,5,4,3,2,4,4,2,2,3,2,29,2,4,1,1,2,1,5,6,1,1,44000,Chemistry,20,Full time university administrator,1,1,2,22,28,24,31,27,9,4,4,9,2,6,,7,3,2,2,2,1,1,1,2,1,4,4,3,2,2,2,2,3,4,4,3,2,4,2,2,2,3,1,5,3,4,3,3,,1,3,4,2,3,6,6,14,14,6,4,2,6,25,30,20,50,,,,,,,,,266,R_1rIxHDkSiZn4Y6a
2020-03-12 20:11:13,2020-03-12 20:30:25,0,108.219.12.36,100,1152,1,2020-03-12 20:30:26,R_3k1beIx9Y5WgkYh,,,,,36.91020203,-121.7564011,anonymous,EN,ZhxK8ZH8,,1,19,12,10,9,7,7,12,12,11,11,7,12,12,12,12,7,7,9,9,8,9,4,9,9,8,9,7,4,6,7,7,6,4,9,5,5,1,5,1,5,2,5,5,5,1,1,5,1,5,1,1,5,2,5,5,1,2,5,1,1,5,1,1,1,1,5,5,1,5,1,1,5,1,5,4,1,5,5,1,4,1,1,1,3,1,5,5,2,1,5,5,1,1,5,2,39,2,3,1,7,1,2,1,1,5,1,66000,BA - Business Economics,16,"real estate, marketing director and realtor",1,1,2,22,28,32,31,27,4,6,4,7,4,7,,7,3,3,6,2,1,1,1,1,1,5,5,1,4,4,2,2,5,5,5,5,1,1,2,1,4,4,1,5,5,5,5,4,,1,5,4,3,5,3,4,6,6,6,14,14,6,25,30,20,25,,,,,,,,,314,R_3k1beIx9Y5WgkYh
2020-03-12 19:59:15,2020-03-12 20:31:04,0,67.8.193.168,100,1909,1,2020-03-12 20:31:05,R_1GDiUicJRg4Xza2,,,,,28.90249634,-81.2480011,anonymous,EN,FcP5oD0l,,1,18,11,11,11,12,7,10,11,11,11,8,11,10,10,12,11,7,7,7,8,8,8,8,9,8,7,5,8,8,7,8,8,8,9,5,5,1,5,1,4,4,1,4,4,1,1,5,4,4,1,1,4,1,4,3,1,1,5,1,1,4,1,5,1,1,5,5,1,4,1,1,4,1,4,4,1,4,4,1,1,1,1,1,1,1,5,4,1,2,4,4,1,4,4,2,50,2,2,1,1,1,3,1,6,3,5,49500,business,14,employed customer support,1,1,2,22,28,22,24,27,3,6,6,5,7,5,,6,7,6,7,1,1,1,1,1,1,1,5,1,1,4,1,4,4,5,4,4,2,4,1,2,3,1,1,5,5,4,4,4,,1,4,4,1,4,6,6,6,6,14,6,6,6,20,25,20,10,,,,,,,,,304,R_1GDiUicJRg4Xza2
2020-03-12 20:29:08,2020-03-12 20:37:43,0,69.251.52.62,100,515,1,2020-03-12 20:37:44,R_1XmchDYMyxmOcgN,,,,,38.52810669,-76.98419952,anonymous,EN,9TqGmj5u,,1,16,8,7,9,12,7,10,10,9,11,12,12,9,9,12,12,7,9,9,4,9,9,9,9,9,4,9,9,9,4,7,9,9,9,5,5,1,5,1,4,5,1,5,5,1,3,5,5,5,1,5,5,2,5,5,1,1,5,1,1,4,1,5,1,1,5,5,1,5,1,3,5,1,4,5,4,5,3,1,5,3,1,5,1,1,5,5,1,1,5,2,1,3,5,2,24,2,2,1,1,4,4,4,6,2,2,55000,Business Administration,14,Fulltime employed sales associate,1,2,2,22,28,22,22,28,10,10,10,7,7,10,,10,4,10,10,2,1,2,1,1,1,4,4,1,3,5,1,2,5,4,1,5,1,3,3,2,5,1,1,5,5,5,5,5,,1,5,5,1,5,4,14,14,14,14,14,14,14,50,3,16,10,,,,,,,,,299,R_1XmchDYMyxmOcgN
2020-03-12 20:16:00,2020-03-12 20:50:28,0,49.37.192.157,100,2068,1,2020-03-12 20:50:29,R_3Ge12CnEPlTLqzw,,,,,12.97210693,77.59329224,anonymous,EN,45826382,,1,18,10,11,10,11,11,11,8,9,8,11,9,11,9,9,11,7,8,7,9,9,8,7,8,7,8,7,7,9,8,7,8,7,9,5,4,4,3,4,5,4,4,3,4,3,4,4,5,4,3,4,3,5,4,3,4,3,4,5,4,4,4,3,4,4,3,4,5,4,4,4,3,4,5,4,4,3,4,4,4,3,4,4,3,4,5,4,4,4,3,4,4,3,4,1,27,4,3,1,1,3,3,5,5,4,3,15,bachelors of degree,3,full time,3,1,1,27,26,27,27,24,6,4,6,5,4,5,,4,7,6,5,2,1,2,1,2,2,4,3,4,3,4,3,3,4,3,3,4,3,3,4,4,3,4,4,4,3,4,4,4,,3,4,4,3,4,14,6,4,4,4,6,4,14,40,5,20,25,,,,,,,,,248,R_3Ge12CnEPlTLqzw
2020-03-12 20:39:34,2020-03-12 20:53:14,0,73.229.138.88,100,820,1,2020-03-12 20:53:15,R_2y9jzjHRlMQNxSH,,,,,40.53770447,-105.0546036,anonymous,EN,HFnyrGqQ,,1,19,12,7,7,7,7,10,12,11,7,9,12,11,11,11,7,7,9,9,8,4,4,4,9,4,4,4,4,9,9,4,4,9,9,1,5,4,1,1,4,4,1,1,5,4,5,4,5,5,5,1,2,5,5,1,4,4,4,1,1,1,4,1,2,5,5,2,5,5,1,4,5,4,4,1,5,4,1,1,1,2,4,1,1,5,4,5,4,1,1,1,4,5,4,2,28,2,4,1,8,1,1,1,1,1,3,55000,Masters in Business Administration,17 years,Bookkeeper at a dental office,1,2,2,22,28,22,22,28,3,10,5,6,9,10,,10,9,9,3,2,1,1,1,2,1,5,5,2,1,5,5,1,4,5,5,5,1,2,1,4,5,5,1,1,5,4,5,5,,4,4,5,5,5,4,6,14,14,14,6,14,14,25,25,20,25,,,,,,,,,260,R_2y9jzjHRlMQNxSH
2020-03-12 21:01:52,2020-03-12 21:07:31,0,49.37.207.133,100,339,1,2020-03-12 21:07:32,R_Y4jqAKVx5Y6qYvL,,,,,12.97210693,77.59329224,anonymous,EN,Yndl6lBy,,1,17,9,11,9,11,9,12,10,9,11,10,12,9,11,9,11,7,8,7,9,8,9,7,8,7,9,8,9,7,9,8,6,7,9,4,5,3,4,3,5,4,5,4,4,3,5,4,2,4,5,4,3,3,2,4,3,5,4,3,5,4,4,3,5,4,2,4,3,5,4,3,4,3,5,4,2,3,2,4,3,5,4,3,4,3,4,3,4,4,3,5,4,5,4,1,30,2,3,1,1,4,3,2,3,5,3,10000,bachelor's degree,14,manager,1,1,1,26,32,26,32,26,5,4,6,4,6,4,,7,2,5,4,2,1,2,2,1,2,4,2,4,3,5,3,4,3,5,3,4,3,5,3,4,2,4,3,4,3,2,4,3,,5,3,4,3,4,4,3,4,3,3,6,3,6,100,30,50,10,,,,,,,,,240,R_Y4jqAKVx5Y6qYvL
2020-03-12 21:08:31,2020-03-12 21:14:19,0,73.189.155.193,100,347,1,2020-03-12 21:14:20,R_2rAh66KtLoJTWjn,,,,,37.98339844,-122.0312042,anonymous,EN,jj8CVQyJ,,1,17,9,10,10,10,9,10,9,10,9,10,9,10,9,10,9,7,7,6,7,6,7,6,7,6,7,7,8,8,7,6,7,6,9,3,3,3,3,3,3,3,3,3,3,3,3,3,3,3,3,3,3,3,3,3,3,3,3,3,3,3,3,3,3,3,3,3,3,3,3,3,3,3,3,3,3,3,3,3,3,3,3,3,3,3,3,3,3,3,3,3,3,3,3,2,30,2,4,1,1,2,2,3,2,4,3,15000,COMPUTER SCIENCE,4,MANAGER,2,2,1,26,32,26,24,26,5,4,4,3,4,3,,5,4,4,5,2,2,2,1,2,2,4,2,4,3,4,3,4,3,4,3,2,3,4,3,3,3,4,3,2,4,3,4,3,,4,3,4,2,4,4,4,6,3,4,3,4,4,100,25,35,10,,,,,,,,,231,R_2rAh66KtLoJTWjn
2020-03-12 21:02:07,2020-03-12 21:14:45,0,64.251.151.49,100,757,1,2020-03-12 21:14:45,R_1E593evueQFd9SS,,,,,37.94749451,-91.76360321,anonymous,EN,rbbgh7cl,,1,18,12,7,7,7,7,12,12,7,7,8,12,12,7,8,7,7,9,7,4,4,4,9,8,8,4,4,4,9,9,4,4,4,9,1,3,1,5,1,5,5,1,5,5,2,1,5,1,4,5,3,4,1,5,5,1,1,5,1,1,4,1,5,1,5,4,4,1,5,3,2,5,1,4,4,3,5,5,2,2,3,1,5,1,1,5,5,1,1,3,3,1,1,5,2,34,3,3,1,1,3,3,5,6,6,3,38000,History,16,"Full time, Department manager Retail",3,2,2,22,26,28,22,28,1,10,1,2,3,10,,7,2,9,3,2,1,1,1,2,1,4,3,2,3,3,1,3,4,5,1,4,2,5,3,2,1,1,1,5,3,5,3,2,,1,4,1,1,4,6,6,14,14,6,14,14,6,25,30,20,50,,,,,,,,,253,R_1E593evueQFd9SS
2020-03-12 21:01:25,2020-03-12 21:19:04,0,103.78.159.68,100,1059,1,2020-03-12 21:19:05,R_2a8EPuedxPOMKOt,,,,,8.179000854,77.43231201,anonymous,EN,19x3QrYn,,1,14,8,12,7,7,12,12,12,12,12,10,11,12,7,7,12,7,9,9,9,9,8,9,9,9,9,9,7,9,9,9,9,9,9,5,5,1,5,5,5,5,1,5,5,4,2,5,5,5,5,5,5,5,5,5,1,5,5,5,5,5,1,5,5,2,5,5,1,5,5,1,5,1,5,5,5,5,5,5,5,1,1,1,1,5,5,5,1,5,5,5,1,1,5,1,33,4,3,1,1,4,4,6,6,6,3,50000,4,12,FULL TIME,1,2,1,22,28,28,28,28,10,10,10,10,10,10,,10,10,10,10,1,3,1,1,1,1,5,5,5,5,5,5,5,5,4,5,5,5,5,5,4,5,5,5,5,5,5,5,5,,5,5,5,5,5,14,14,14,14,14,14,14,14,25,30,20,0.5,,,,,,,,,277,R_2a8EPuedxPOMKOt
2020-03-12 21:03:53,2020-03-12 21:20:39,0,157.51.244.163,100,1006,1,2020-03-12 21:20:41,R_BG2hBNJCOjkkdqN,,,,,13.08599854,80.27508545,anonymous,EN,FQZs26ef,,1,17,11,10,10,11,10,10,11,9,10,11,10,10,11,11,10,7,8,7,8,7,7,8,7,6,7,8,7,7,8,6,7,8,9,4,5,4,2,4,4,5,3,4,4,5,4,4,5,4,3,4,5,4,4,5,3,4,3,4,4,5,4,4,5,5,4,3,4,3,5,4,4,5,3,4,4,5,4,4,4,4,3,4,5,4,5,4,5,4,4,5,5,4,4,1,27,4,3,6,6,2,2,4,6,4,3,30000,computer science,12,IT and manager,3,2,2,26,24,27,24,32,6,6,4,5,5,4,,5,6,4,7,1,2,1,2,2,1,3,4,2,3,4,3,4,4,3,3,4,4,3,4,2,4,4,4,3,3,4,4,3,,2,3,4,4,3,6,4,6,6,6,4,6,4,25,30,20,0.05,,,,,,,,,255,R_BG2hBNJCOjkkdqN
2020-03-12 21:00:34,2020-03-12 21:21:05,0,99.7.210.86,100,1230,1,2020-03-12 21:21:06,R_UPBXYEILUU8aoql,,,,,29.89729309,-95.64630127,anonymous,EN,2X1xhDjv,,1,19,12,8,10,10,7,11,12,11,10,10,12,10,10,12,8,7,9,9,5,8,8,9,9,8,6,7,6,8,8,8,8,6,9,1,5,2,4,1,1,5,4,4,4,2,3,4,1,1,5,2,4,2,4,1,1,4,4,4,5,4,4,4,5,5,4,4,4,4,4,1,3,2,2,1,2,4,4,2,2,1,1,4,4,5,4,4,2,4,2,2,1,1,1,1,25,4,3,1,11,1,1,1,1,1,1,4000,Accounting,18,Unemployed,3,2,2,22,22,28,22,32,9,6,9,4,9,4,,6,3,4,5,2,1,1,1,1,1,4,4,2,3,4,4,3,5,3,4,5,4,2,2,2,4,5,2,2,3,5,5,4,,2,4,3,3,4,2,4,6,6,4,4,2,6,10,33,27,4,,,,,,,,,230,R_UPBXYEILUU8aoql
2020-03-12 21:13:41,2020-03-12 21:24:42,0,220.158.140.33,100,661,1,2020-03-12 21:24:43,R_scL96iICfGimqNX,,,,,11.10760498,77.35641479,anonymous,EN,aZKHUZcI,,1,16,10,9,8,9,8,9,8,8,9,8,9,8,9,8,9,7,8,7,8,7,5,8,5,8,7,8,7,8,7,8,7,8,9,4,3,2,1,2,3,2,2,3,3,2,3,4,4,3,3,3,4,2,3,4,3,2,3,3,2,3,3,2,3,2,3,4,3,2,3,3,4,3,2,3,2,3,4,3,3,2,3,2,3,2,3,4,3,2,3,2,3,3,4,1,25,4,3,6,6,1,1,2,1,1,1,28000,Information Technology,16,Information Technology and Tech lead,2,2,1,26,31,22,24,26,5,4,5,4,5,4,,9,5,6,5,2,2,1,2,1,2,4,3,3,2,3,2,3,4,3,3,4,3,2,2,2,3,2,2,3,3,4,3,3,,2,2,3,3,4,4,6,6,4,4,6,3,4,20,30,20,0.5,,,,,,,,,233,R_scL96iICfGimqNX
2020-03-12 21:12:52,2020-03-12 21:31:34,0,184.90.92.184,100,1122,1,2020-03-12 21:31:35,R_3iPEUybDpEsyuoE,,,,,28.57269287,-80.82060242,anonymous,EN,3FgQya4U,,1,17,11,8,9,12,7,11,12,10,9,11,12,12,9,11,7,7,7,9,4,9,9,9,9,9,9,4,9,4,4,4,9,4,9,5,4,4,5,5,5,5,2,5,5,4,4,5,1,5,1,4,2,2,1,5,1,4,5,5,1,2,4,5,1,1,4,2,1,2,4,2,5,1,2,4,4,4,5,1,5,4,4,5,5,1,5,5,1,5,5,2,2,1,5,2,55,2,2,1,1,1,2,1,1,1,5,49500,Business Management,14,Medical Claims Supervisor fulltime,1,1,2,22,28,22,22,24,5,10,5,7,10,10,,7,10,6,5,2,1,1,1,1,2,1,1,4,4,1,1,5,2,2,1,2,5,5,5,1,1,1,4,5,2,2,2,1,,1,2,1,1,2,1,1,3,3,2,14,14,3,33,30,20,10,,,,,,,,,244,R_3iPEUybDpEsyuoE
2020-03-12 21:27:32,2020-03-12 21:45:07,0,107.185.191.76,100,1055,1,2020-03-12 21:45:08,R_3KuydFzFDKmUHM1,,,,,33.96749878,-118.1464005,anonymous,EN,Gd2AL9OU,,1,19,12,7,7,7,7,12,12,7,7,7,12,12,7,7,7,7,9,9,4,7,7,9,9,9,4,4,4,9,7,4,4,4,9,5,5,1,5,1,5,5,1,5,5,1,1,5,1,5,2,1,3,1,4,4,1,1,5,1,1,5,1,5,1,1,5,3,1,5,1,1,5,1,5,4,1,5,5,1,4,1,1,5,1,1,5,5,1,1,4,5,1,1,5,1,37,4,3,1,8,1,1,1,1,1,2,40000,Business,16,Processing Clerk II at a major U.S. Insurance company,1,2,2,22,28,24,22,28,9,10,10,10,10,10,,10,9,9,6,2,1,1,1,2,1,2,5,1,1,5,2,4,5,5,1,5,1,3,1,1,4,1,1,4,5,4,4,5,,1,5,5,2,5,2,3,2,14,3,3,4,4,40,30,20,20,,,,,,,,,282,R_3KuydFzFDKmUHM1
2020-03-12 21:30:46,2020-03-12 21:55:01,0,220.158.140.33,100,1455,1,2020-03-12 21:55:02,R_3262p8rHLzUAbkF,,,,,11.10760498,77.35641479,anonymous,EN,L3dvhd7L,,1,15,9,7,8,7,8,7,8,7,8,7,8,8,9,8,9,7,7,6,5,4,4,5,4,5,4,6,5,7,4,5,4,5,9,3,4,3,3,4,3,2,3,4,3,4,3,2,3,4,3,4,3,2,3,4,3,2,4,3,2,3,3,4,3,2,4,3,3,4,3,3,4,3,3,4,3,2,3,3,3,4,3,2,3,4,3,3,2,4,3,3,2,3,4,1,25,4,3,6,6,1,1,2,2,1,1,31000,Engineering,16,Quality control and Middle level manager,2,2,1,26,32,31,22,31,4,5,4,5,3,3,,3,6,5,4,1,2,2,1,2,2,3,2,3,4,3,2,3,4,3,2,3,4,3,2,2,3,2,3,3,4,3,2,3,,2,3,4,3,2,4,3,6,4,4,3,4,3,20,30,20,5,,,,,,,,,204,R_3262p8rHLzUAbkF
2020-03-12 22:04:00,2020-03-12 22:15:02,0,68.96.169.162,100,661,1,2020-03-12 22:15:03,R_2vcwGa9I3MNP9YK,,,,,36.24729919,-115.2820969,anonymous,EN,EjJX2xQw,,1,17,10,8,8,9,8,9,11,9,8,8,11,11,8,11,8,7,7,7,5,6,7,8,8,8,6,5,6,8,8,6,6,6,9,1,3,2,4,3,1,4,3,2,2,4,2,4,2,2,4,4,4,2,3,1,1,2,2,2,3,3,2,4,4,5,4,3,3,3,4,1,4,4,3,3,3,4,4,3,1,3,2,2,4,4,4,4,4,3,2,2,2,2,2,1,32,3,2,1,7,1,1,1,1,1,1,38500,IT,14,IT - Help Desk Support,1,1,2,22,26,24,22,26,2,4,3,5,5,4,,4,3,3,4,2,1,1,1,1,1,1,2,3,3,3,3,3,2,3,3,3,2,4,3,4,2,3,3,3,2,3,3,2,,3,3,2,3,3,3,3,3,3,4,4,4,4,20,25,12,10,,,,,,,,,221,R_2vcwGa9I3MNP9YK
2020-03-12 21:48:49,2020-03-12 22:18:34,0,74.118.138.245,100,1785,1,2020-03-12 22:18:35,R_2rMjO4numzDm8Bs,,,,,37.75100708,-97.8219986,anonymous,EN,M8TKy4LM,,1,16,10,9,10,9,10,9,10,11,10,11,10,10,11,10,11,7,7,8,7,8,7,8,7,8,7,8,7,8,7,8,7,8,9,4,5,4,3,4,5,4,3,4,4,5,4,5,4,5,4,5,4,4,5,4,5,4,5,4,5,4,4,5,4,5,4,5,4,5,4,4,5,4,5,4,5,4,5,4,4,5,4,5,4,5,4,5,4,4,5,4,5,4,5,1,29,2,3,1,1,2,2,4,4,4,3,130000,A major is simply a specific subject that students can specialize in while aspiring to a college degree.,12,data entry,2,1,1,27,24,32,32,24,5,6,5,6,5,3,,5,6,6,5,1,2,2,3,2,2,3,4,3,4,3,4,3,4,3,4,3,4,3,4,3,4,3,4,3,4,3,4,3,,4,3,4,3,4,4,6,4,6,3,4,6,4,4,5,7,20,,,,,,,,,242,R_2rMjO4numzDm8Bs
2020-03-12 23:24:27,2020-03-12 23:41:15,0,185.217.69.184,100,1008,1,2020-03-12 23:41:16,R_1OU0yTRr4oqsXzO,,,,,40.710495,-74.01290131,anonymous,EN,nB8WmX4K,,1,18,11,9,9,11,7,11,11,9,10,10,11,9,9,12,12,7,8,9,5,6,8,9,8,9,7,7,8,9,7,7,5,8,9,4,5,1,5,3,4,5,2,4,4,2,1,5,1,4,3,5,4,4,2,4,2,1,5,1,3,5,2,4,4,2,5,5,2,3,4,2,5,1,4,4,2,5,4,2,4,1,1,4,2,3,5,4,1,2,4,5,1,2,4,2,35,2,3,3,3,3,2,3,6,1,3,45000,Psychology,16,Unemployed,1,2,2,31,27,22,32,28,2,10,10,2,3,7,,10,6,6,7,2,1,2,1,2,2,2,5,4,2,2,3,5,4,4,2,4,4,3,1,4,2,2,4,4,2,4,5,4,,2,4,2,3,4,6,6,6,6,14,14,14,14,25,30,20,50,,,,,,,,,280,R_1OU0yTRr4oqsXzO
2020-03-12 23:30:32,2020-03-12 23:41:26,0,49.206.124.25,100,654,1,2020-03-12 23:41:27,R_3CI97PGdicMBftl,,,,,13.08599854,80.27508545,anonymous,EN,LvFtBOzA,,1,18,10,11,10,12,11,10,11,11,10,11,10,10,11,9,9,7,9,9,9,8,8,7,8,6,8,7,8,9,7,8,6,8,9,5,5,3,3,4,4,5,3,3,5,3,4,3,5,4,3,4,5,5,3,4,3,5,4,4,4,3,5,4,3,3,5,3,2,4,4,2,3,2,4,4,5,4,4,4,5,4,3,3,4,5,4,4,5,5,4,3,4,5,5,2,33,4,3,6,6,3,3,4,6,6,3,5000,COMPUTERSCIENCE,14,3,2,1,1,28,27,27,26,27,5,7,10,10,10,6,,7,6,7,7,2,2,2,2,2,1,4,3,4,2,4,3,4,3,4,3,4,5,2,4,3,4,4,3,3,4,3,3,4,,3,4,2,4,3,14,6,4,4,6,4,6,4,80,5,40,20,,,,,,,,,262,R_3CI97PGdicMBftl
2020-03-12 23:41:08,2020-03-12 23:50:57,0,73.235.55.57,100,588,1,2020-03-12 23:50:58,R_3MExwYYRSu9nZDN,,,,,36.82429504,-119.7662048,anonymous,EN,363Bpm6B,,1,19,12,7,7,8,7,11,12,10,7,8,12,12,9,10,7,7,8,8,5,5,6,9,9,8,6,4,6,8,5,4,6,6,9,1,4,2,2,1,1,5,2,2,5,3,4,4,2,3,5,1,3,3,4,1,1,3,2,1,3,5,2,3,2,5,4,3,5,5,5,2,3,2,4,1,3,3,4,1,1,2,1,2,1,4,4,3,2,2,3,2,2,2,3,1,32,2,3,1,11,1,2,1,1,1,2,33000,Web Design,14,Retail - Sales Clerk,1,2,2,22,24,26,22,24,9,10,9,5,4,6,,4,9,1,4,2,1,1,1,2,2,4,4,4,2,5,4,1,4,5,4,2,1,3,3,2,2,3,2,2,3,4,4,4,,2,2,5,2,2,1,2,3,3,4,6,2,6,25,30,20,25,,,,,,,,,245,R_3MExwYYRSu9nZDN
2020-04-09 9:36:54,2020-04-09 9:43:11,0,68.116.212.195,100,377,1,2020-04-09 9:43:12,R_2U9mskkcTy9o81l,,,,,30.54359436,-89.68959808,anonymous,EN,s78pdUQg,reading each thing and deciding the right choice.,1,17,11,12,10,9,11,10,9,10,11,12,11,10,12,11,10,7,6,8,9,7,6,6,9,9,8,6,5,8,6,8,7,8,9,5,4,3,5,3,3,4,5,4,5,4,3,4,3,5,5,4,3,3,4,5,5,3,3,5,4,3,3,4,5,5,4,5,3,4,5,5,4,3,3,5,5,3,4,4,5,4,3,4,5,4,5,4,3,4,5,5,4,3,4,1,33,2,3,1,1,4,4,6,6,3,1,50000,computer science ,17,Stocker,2,1,2,28,22,22,28,22,7,4,3,6,10,10,10,5,2,7,10,1,1,2,2,1,3,4,3,2,4,5,4,3,2,4,4,4,2,3,4,5,3,2,4,5,3,2,4,5,4,2,3,4,2,3,6,3,3,6,4,3,4,6,20,5,50,20,,5,6,7,5,4,5,7,242,R_2U9mskkcTy9o81l
2020-04-09 9:35:14,2020-04-09 9:45:55,0,144.92.38.231,100,640,1,2020-04-09 9:45:56,R_1q9dLW9cDzuE2RD,,,,,43.07249451,-89.44909668,anonymous,EN,hgbHHiLn,I was trying to minimize the risk of the bad outcome.,1,19,12,7,7,7,7,12,12,7,7,7,12,12,7,10,7,7,9,9,4,4,4,9,9,9,4,4,4,9,9,7,4,4,9,1,5,1,3,1,1,4,1,2,5,4,2,4,4,5,5,1,5,5,5,1,1,4,3,1,1,3,1,3,1,5,5,5,5,5,4,2,5,4,5,3,4,5,3,1,1,1,1,1,1,4,4,4,4,1,3,3,1,3,5,1,38,2,4,1,8,1,1,1,1,5,1,26000,Art,20,"non-profit, captioning assistant",1,1,2,22,24,24,22,28,1,10,4,10,10,10,10,10,9,9,4,1,1,1,1,1,1,4,5,1,1,5,3,2,4,5,4,5,1,4,1,2,5,4,1,4,5,3,5,5,1,2,4,5,2,4,3,3,4,4,14,14,1,14,25,30,20,50,Everything worked and everything was easy to understand.,7,1,1,7,1,7,7,276,R_1q9dLW9cDzuE2RD
2020-04-09 9:38:47,2020-04-09 9:49:44,0,103.82.211.200,100,656,1,2020-04-09 9:49:46,R_escKNPmTrsHSAWl,,,,,12.73649597,77.83261108,anonymous,EN,5897YtOK,correct function,1,18,10,9,10,9,10,11,10,9,10,11,10,10,9,10,11,7,8,8,6,7,8,7,6,7,7,7,6,7,6,7,8,7,9,4,3,2,2,3,4,4,3,2,2,3,4,3,2,3,3,4,3,2,3,2,3,4,3,2,3,4,3,4,3,2,3,3,4,2,3,3,4,3,2,1,2,3,4,3,3,4,3,2,4,3,3,2,4,4,3,2,1,2,4,1,39,4,2,6,6,2,2,3,3,2,3,25000,no,13,self,4,1,1,27,26,24,26,27,6,4,4,6,5,5,6,5,3,4,5,2,2,1,1,2,2,3,3,3,2,2,3,4,3,3,2,3,4,3,2,3,3,2,3,4,3,3,2,3,1,3,4,3,2,3,6,4,3,4,6,4,3,4,10,20,10,80,no,6,5,5,3,4,5,4,238,R_escKNPmTrsHSAWl
2020-04-09 9:41:49,2020-04-09 9:52:03,0,65.26.227.211,100,613,1,2020-04-09 9:52:04,R_2cpeXz8o287LVZ4,,,,,43.019104,-88.01580048,anonymous,EN,r6UEHaGc,I decided to focus on being cautious. I didn't want to risk making the patient worse.,1,18,11,10,10,10,7,11,10,10,10,10,12,11,10,11,8,7,9,8,8,9,7,9,9,8,8,8,7,5,4,5,8,5,9,1,5,1,3,2,3,5,2,2,5,4,3,4,2,5,5,1,5,4,5,3,2,2,3,2,3,3,1,4,1,5,5,5,5,5,2,2,5,5,5,2,5,4,4,1,1,2,1,1,1,3,5,5,5,2,2,2,2,2,5,1,34,7,2,1,7,1,1,1,1,1,5,20000,English,16,IT,2,1,2,27,22,24,27,31,3,4,4,9,2,5,10,6,4,3,6,2,2,2,1,2,2,5,4,4,4,5,2,2,3,5,2,3,1,5,3,3,5,3,2,5,4,4,5,5,1,1,3,5,1,3,1,1,1,3,1,3,3,2,40,3,50,25,,7,1,1,7,1,7,7,287,R_2cpeXz8o287LVZ4
2020-04-09 9:38:18,2020-04-09 9:52:49,0,71.7.224.102,100,870,1,2020-04-09 9:52:50,R_bl9AYAeXu1RlJ0R,,,,,44.63439941,-63.5821991,anonymous,EN,G6aoRvwe,accoring to orange and blue colors,1,17,11,9,11,10,11,9,10,10,8,11,10,10,11,11,9,7,8,7,8,9,7,7,8,9,6,8,7,7,9,8,8,7,9,4,3,4,2,3,3,4,2,3,3,2,3,4,2,4,3,3,2,3,2,3,4,3,3,2,4,3,3,3,4,3,2,4,3,4,4,3,2,3,4,4,4,3,3,4,4,3,3,2,4,4,3,4,3,3,5,4,3,4,4,1,28,4,3,6,6,3,3,5,4,4,3,15000,Information technology,16,IT analyst,3,2,2,26,32,26,24,26,6,5,4,3,4,2,4,5,3,5,5,2,1,1,1,1,1,4,3,4,3,3,5,3,4,4,3,4,3,4,5,4,3,3,4,3,2,3,2,2,1,3,4,3,2,3,4,3,6,4,6,6,4,6,30,25,10,0.5,nice task. Everything worked perfectly. Thank you for the work :),6,4,6,5,4,3,6,246,R_bl9AYAeXu1RlJ0R
2020-04-09 9:42:01,2020-04-09 9:53:42,0,106.197.38.45,100,700,1,2020-04-09 9:53:43,R_2zwG7ttkt6Zen2A,,,,,11.65379333,78.15539551,anonymous,EN,JbX9YBwz,good,1,17,10,11,11,12,10,9,11,10,9,11,12,10,9,11,10,7,7,8,7,6,8,7,9,8,8,7,8,8,9,7,8,8,9,4,4,3,5,4,5,5,4,5,4,3,4,4,5,4,5,5,4,4,3,4,4,5,3,2,4,5,4,5,4,4,3,4,4,5,4,4,5,2,4,4,5,3,4,5,4,5,3,4,3,4,4,5,4,4,5,3,4,4,5,1,25,4,3,6,6,2,2,3,3,3,3,20000,Engineering ,16,Manager,2,2,2,28,26,24,24,26,6,5,7,7,10,6,5,7,10,5,4,2,1,2,3,2,2,4,5,3,4,3,4,4,5,3,2,3,4,3,5,4,4,3,4,4,5,3,2,4,1,3,4,4,3,5,6,4,6,14,6,4,6,6,400,25,35,10,good study ,7,1,1,7,1,6,7,248,R_2zwG7ttkt6Zen2A
2020-04-09 9:48:14,2020-04-09 9:54:12,0,181.214.123.186,100,358,1,2020-04-09 9:54:14,R_2OYCb9XDY7KEQ7y,,,,,41.84829712,-87.65170288,anonymous,EN,RQ8VKoV8,good,1,17,11,10,10,10,11,10,10,10,11,10,9,11,10,11,10,7,7,8,7,6,7,8,7,7,8,7,7,8,7,6,7,7,9,4,3,3,4,4,3,3,4,4,3,4,4,3,3,4,4,3,3,4,3,3,4,4,2,3,4,4,4,4,3,3,4,4,3,4,3,4,3,3,4,2,3,4,4,3,4,3,3,4,4,2,3,3,4,4,3,3,4,3,4,2,55,2,3,1,1,2,3,2,2,5,3,99999,CSE,15,Manager,1,2,1,26,28,26,26,27,5,6,5,5,6,4,10,4,5,6,5,2,2,3,2,2,2,3,4,3,3,4,3,3,4,3,3,4,3,4,3,4,4,3,4,4,3,4,3,4,1,4,4,3,4,4,4,6,4,4,6,4,4,6,200,5,50,10,nil,7,1,1,7,1,6,7,241,R_2OYCb9XDY7KEQ7y
2020-04-09 9:32:51,2020-04-09 9:54:40,0,69.61.31.217,100,1309,1,2020-04-09 9:54:41,R_2ttUS7bYcOzSO1H,,,,,37.75100708,-97.8219986,anonymous,EN,spGR9XvT,NO,1,19,11,12,11,12,11,12,11,12,11,10,11,12,11,12,11,7,8,9,8,9,8,9,8,9,9,8,9,8,9,8,9,9,9,4,5,4,4,4,5,4,5,4,4,4,5,4,5,5,4,4,5,4,5,4,5,4,4,4,5,4,4,5,4,5,4,5,4,5,4,4,5,4,5,4,5,5,4,5,5,4,4,4,5,4,5,5,4,4,5,4,4,5,4,2,30,2,4,1,1,4,4,5,5,5,3,50000,MASTER DIGREE,9,USA,1,1,1,27,28,27,28,27,7,10,7,10,7,10,10,6,10,7,10,2,2,2,1,2,1,5,4,5,4,5,4,5,4,4,5,4,5,4,5,4,5,4,5,4,5,4,5,4,5,4,4,5,4,5,14,6,14,6,14,1,14,6,10000,5,5,10,NICE,6,7,5,7,7,6,6,273,R_2ttUS7bYcOzSO1H
2020-04-09 9:43:47,2020-04-09 9:54:52,0,196.17.67.59,100,664,1,2020-04-09 9:54:52,R_2yqNV314zxRMy25,,,,,34.05439758,-118.2440033,anonymous,EN,Rp8H93tM,good task,1,18,10,12,11,11,10,12,10,11,10,12,11,10,12,11,10,7,8,7,9,8,7,9,8,7,9,8,7,9,8,7,9,8,9,4,5,3,4,3,5,4,5,3,5,3,4,5,3,4,3,5,4,4,3,5,4,5,3,4,3,5,5,4,3,5,5,4,3,4,5,4,5,3,4,4,3,5,4,5,4,3,5,4,5,3,4,3,5,4,3,5,4,3,5,2,28,2,4,1,1,3,3,5,5,4,3,100000,computer science,12,IT supervisor,2,2,1,27,26,28,27,28,6,7,5,7,6,10,10,6,5,7,4,1,2,3,2,2,3,4,5,3,4,4,3,5,3,4,3,5,4,3,4,3,5,4,3,5,3,4,3,5,1,4,3,5,3,4,6,4,14,4,4,6,4,6,60,5,64,40,nice survey,6,4,7,5,6,4,7,261,R_2yqNV314zxRMy25
2020-04-09 9:42:31,2020-04-09 9:56:30,0,223.181.243.54,100,838,1,2020-04-09 9:56:31,R_2BrMkagHavuHIuv,,,,,11.00750732,76.96710205,anonymous,EN,3n0LqraY,it is veery intreresting task only press the key z or m,1,18,10,10,11,11,10,11,10,11,10,9,10,11,10,11,10,7,8,7,8,7,6,7,6,7,8,7,8,7,8,7,7,8,7,4,3,4,3,3,4,3,4,3,4,3,4,3,4,3,4,3,4,4,3,3,4,3,4,3,3,4,4,3,4,3,2,3,4,3,2,4,3,2,3,3,4,3,3,4,4,3,3,2,3,4,3,3,4,4,3,3,4,3,4,1,24,4,3,6,9,2,2,2,2,3,3,20000,computer sceince,17,data entry,1,1,1,26,26,24,27,26,6,6,5,6,5,4,10,7,4,7,5,1,2,1,2,2,2,4,3,4,3,4,3,4,3,4,3,4,3,3,4,3,4,3,4,4,3,4,4,3,1,4,4,3,4,3,6,4,4,6,4,4,6,4,100,3,11,20,good experience,6,5,6,5,4,5,6,241,R_2BrMkagHavuHIuv
2020-04-09 9:45:55,2020-04-09 9:59:15,0,73.120.232.92,100,800,1,2020-04-09 9:59:16,R_ptRRGS2XShuUIQF,,,,,41.58760071,-87.37270355,anonymous,EN,6i3EqZDn,I went we the odds or helping or hurting.,1,18,12,7,7,7,7,11,12,7,7,8,12,12,7,12,7,7,9,9,4,5,4,9,5,9,6,7,4,5,6,5,4,4,9,2,5,1,5,1,1,5,1,5,5,2,1,5,1,5,4,1,5,1,5,4,1,1,5,1,1,2,1,5,1,4,5,5,4,5,1,1,5,1,5,2,1,5,5,1,2,1,1,4,2,1,5,5,4,1,2,4,1,1,5,1,38,1,3,1,1,3,4,2,6,6,3,45000,Computer Science,16,Technical Support,1,2,2,22,28,22,22,28,9,10,10,4,3,10,10,6,4,5,6,2,2,1,2,2,1,2,5,1,1,4,1,2,5,5,2,5,2,4,1,1,3,2,1,5,5,5,5,3,1,1,5,3,1,5,14,14,14,6,14,6,6,14,25,30,20,50,Everything worked.,7,1,1,7,1,7,7,274,R_ptRRGS2XShuUIQF
2020-04-09 9:44:02,2020-04-09 10:00:27,0,157.46.61.156,100,984,1,2020-04-09 10:00:28,R_1ieV3o4v9vxAQoG,,,,,13.08599854,80.27508545,anonymous,EN,rZDnjayf,if the blue area is larger than orange i chose  that option otherwise i choose no treatment,1,18,11,11,11,11,11,11,11,11,11,11,11,11,7,10,7,7,8,8,8,8,9,8,9,8,8,8,8,8,8,8,4,7,9,5,5,1,4,4,5,5,1,5,4,1,1,5,5,5,5,5,5,1,5,5,5,1,5,1,1,5,1,5,5,5,5,5,5,5,1,2,4,4,5,5,5,5,5,1,5,1,1,2,4,4,4,4,1,1,4,5,4,4,4,1,26,4,3,8,8,1,1,1,1,1,1,10000,Mechanical,19,unemployed,3,2,2,22,24,28,22,26,4,10,5,5,5,5,10,7,3,2,5,3,3,3,3,3,1,5,5,5,1,4,4,4,4,4,4,4,1,4,1,1,4,1,1,4,4,4,4,4,1,1,4,4,1,5,1,3,14,14,4,6,6,4,25,25,24,1,all good thank you,7,1,1,7,1,7,7,296,R_1ieV3o4v9vxAQoG
2020-04-09 9:40:50,2020-04-09 10:01:29,0,157.50.236.212,100,1238,1,2020-04-09 10:01:30,R_23Vr9p5aWWqGiyz,,,,,13.08599854,80.27508545,anonymous,EN,hUAKtOra,Easy,1,17,8,11,9,11,7,8,8,10,9,7,8,10,11,8,11,7,7,6,9,7,5,5,7,9,5,7,4,7,5,7,6,9,9,5,5,3,2,4,3,5,2,4,3,5,4,4,3,4,3,5,4,2,4,4,2,3,5,4,4,2,4,2,5,4,3,3,1,4,3,4,3,1,4,5,4,4,5,2,4,2,2,1,4,3,4,3,1,4,4,2,1,4,3,1,29,4,3,6,6,2,2,5,5,6,3,10000,Engineering ,17,Teacher,1,1,2,24,24,24,24,24,4,6,10,3,5,7,10,4,6,10,10,2,3,2,1,3,3,2,3,4,2,4,4,2,1,3,5,4,5,2,1,3,4,1,3,4,4,5,5,4,1,3,2,4,5,3,14,14,4,14,14,4,6,14,150,5,6,10,,7,1,1,4,1,1,7,226,R_23Vr9p5aWWqGiyz
2020-04-09 9:52:31,2020-04-09 10:01:40,0,172.78.254.183,100,548,1,2020-04-09 10:01:40,R_sXLlJtLMUqYFdkJ,,,,,38.74259949,-86.47609711,anonymous,EN,4MPSxKKs,very simple,1,19,10,11,10,12,11,12,12,11,12,12,11,11,10,11,11,7,9,8,7,8,9,8,8,7,8,8,8,7,8,9,7,8,9,4,5,4,3,5,4,2,4,4,4,3,4,5,3,4,2,3,4,4,3,4,2,3,4,3,2,4,3,2,4,4,2,3,2,3,3,3,2,4,3,2,4,3,4,3,4,3,5,3,2,3,4,3,3,3,2,4,3,2,4,1,32,3,3,1,1,4,3,5,5,5,3,8000,civil,16,construction field engineer,2,2,1,28,27,28,26,27,10,10,6,5,7,5,10,4,7,6,4,1,1,2,3,2,2,5,4,5,4,4,5,4,3,4,4,4,4,3,3,4,4,3,4,3,4,4,3,4,1,4,4,4,5,4,14,6,4,14,14,14,4,14,70,50,6,80,no very interesting,5,3,5,6,4,6,5,266,R_sXLlJtLMUqYFdkJ
2020-04-09 9:44:33,2020-04-09 10:02:04,0,216.164.179.28,100,1051,1,2020-04-09 10:02:05,R_1JCoCNORvD0wlUB,,,,,40.66569519,-75.33640289,anonymous,EN,jaLMKMni,"I feel like I became less risk-taking as the decisions went on. I thought about it, yes it would be nice if the condition were cured but the bad scenario is much worse in my opinion. ",1,19,12,7,8,8,7,12,12,8,8,7,12,12,8,9,9,7,9,8,5,6,5,8,9,8,4,5,4,7,5,5,5,7,9,3,5,4,3,1,1,5,1,3,5,1,1,5,2,5,3,1,3,4,5,1,1,1,3,1,1,3,3,2,1,3,5,2,5,5,3,1,4,4,5,4,2,5,2,1,4,1,4,1,1,5,5,5,4,1,5,5,1,4,5,2,23,8,3,1,1,2,3,3,6,1,2,5000,"Cognitive Science and Nursing - Did not start my career yet, should start in a few weeks",17,Unemployed. Will find a nursing job in a few weeks after getting licensed.,1,2,2,22,26,31,24,24,9,7,10,4,4,4,10,10,3,3,7,2,1,1,1,1,2,5,5,1,1,5,3,1,5,5,3,5,1,3,1,1,5,3,1,3,5,5,5,5,1,2,5,5,2,5,14,14,14,14,14,14,1,14,25,30,20,50,"There were some questions whose answers I believe were worded incorrectly. I copied/pasted: ""When people tell you the chance of something happening, do you prefer that they use words (""it rarely happens"") or numbers (""there's a 1% chance"")? ""     I wanted to pick numbers, but it was a scale from agree/disagree  ",7,1,1,7,1,7,7,295,R_1JCoCNORvD0wlUB
2020-04-09 9:55:13,2020-04-09 10:07:01,0,75.137.0.217,100,707,1,2020-04-09 10:07:02,R_2VwPcZ9CBD5Qntf,,,,,34.00140381,-84.01439667,anonymous,EN,VXWRgPl5,VXWRgPl5,1,15,8,8,11,12,12,11,12,11,10,11,10,11,8,10,11,10,5,5,5,5,6,4,5,5,5,7,5,5,5,8,5,5,5,2,2,2,2,2,2,2,2,2,2,2,2,2,2,2,2,2,2,2,2,2,2,2,2,3,2,2,2,2,2,2,2,2,2,2,2,2,2,2,2,2,2,2,2,2,2,2,2,2,2,2,2,2,2,4,2,2,2,2,3,1,36,6,3,9,10,4,2,3,4,5,3,20,50,10th,60,1,1,1,27,28,27,28,27,9,9,9,9,9,9,2,9,6,2,10,2,2,2,3,1,1,4,2,2,2,3,3,2,3,2,2,2,2,2,2,2,2,4,2,2,2,2,2,2,2,2,2,2,4,2,14,6,14,6,2,2,2,2,300,2,50,20,no,6,6,5,6,6,6,6,232,R_2VwPcZ9CBD5Qntf
2020-04-09 9:59:38,2020-04-09 10:09:40,0,45.72.6.95,100,601,1,2020-04-09 10:09:41,R_3szBNPcxRBTTXdb,,,,,42.37969971,-71.10340118,anonymous,EN,9Z5vJ7oT,i was follow the instruction.,1,19,11,12,12,12,11,12,12,11,12,12,11,12,11,12,11,7,9,8,9,9,8,9,8,9,9,8,9,8,9,8,9,9,9,4,4,5,3,5,4,5,1,4,5,4,5,5,4,5,5,4,5,5,4,5,5,4,4,4,5,4,5,5,4,4,3,5,4,4,5,5,4,4,5,4,5,3,5,5,4,4,4,5,5,4,4,4,4,4,5,3,4,5,5,2,28,2,4,1,1,3,3,4,4,4,3,95000,computer,18,programmer,2,2,1,28,31,28,28,31,10,10,10,10,7,10,10,10,10,10,10,1,3,3,3,2,2,5,4,5,5,5,5,4,5,4,5,5,5,5,4,5,5,4,5,5,5,4,5,5,1,5,5,5,4,5,14,14,6,14,14,14,6,14,200,15,10,10,"none,nice experiment",6,1,1,2,3,1,7,270,R_3szBNPcxRBTTXdb
2020-04-09 9:54:47,2020-04-09 10:13:34,0,59.92.176.169,100,1127,1,2020-04-09 10:13:36,R_2YGjI07ZeiOinR8,,,,,11.00750732,76.96710205,anonymous,EN,BVrjUt32,If the cure is more percent I will use that option otherwise no treatment option I choose.,1,17,8,11,12,8,12,12,8,8,11,8,8,8,11,8,12,7,7,9,9,8,9,9,8,9,8,8,9,7,8,9,9,9,9,4,5,2,5,4,3,5,1,4,4,2,1,5,2,5,4,5,4,2,5,4,2,5,4,5,1,4,2,5,4,4,5,5,2,4,5,2,5,1,2,5,1,4,5,2,4,1,1,4,2,1,5,4,1,4,5,5,1,2,5,1,26,4,3,6,6,3,3,5,5,4,1,6000,Computer Science,14,Full time - Information Technology - Team Leader,2,2,1,28,26,27,22,28,7,6,7,10,10,6,10,7,7,10,10,2,2,1,1,2,1,4,3,4,2,4,2,4,5,4,5,4,2,1,2,4,5,3,2,4,4,5,5,5,1,2,1,4,3,4,4,4,6,6,6,4,6,14,25,30,20,0.5,Everything works well. Interesting questions to answers.,7,1,1,7,1,7,7,264,R_2YGjI07ZeiOinR8
2020-04-09 9:48:07,2020-04-09 10:13:52,0,157.50.23.179,100,1545,1,2020-04-09 10:13:53,R_2y1wevP8Ky0i8lU,,,,,13.08599854,80.27508545,anonymous,EN,tNtnwMbS,Based on the risk  ,1,17,12,11,12,12,10,11,12,12,12,12,12,11,12,12,11,7,9,9,8,9,9,9,8,9,9,8,8,9,9,8,8,7,9,5,5,1,4,3,3,5,1,4,4,2,1,3,1,4,3,1,4,1,3,3,1,1,4,2,1,5,2,1,2,1,5,4,1,4,2,1,4,2,3,5,1,4,5,1,3,1,1,5,2,1,4,5,1,2,5,4,1,2,4,1,34,4,3,6,6,3,3,5,4,6,3,30000,Engineering,16,Manufacturing-Manager,3,2,2,32,32,28,26,26,4,7,5,6,3,10,10,10,10,7,7,1,1,1,1,1,1,1,5,1,2,4,3,3,5,5,2,5,2,3,1,3,3,1,1,4,3,5,4,3,1,1,1,3,2,5,6,14,14,14,14,4,6,14,25,30,20,0.5,Everything worked fine. ,7,1,1,7,1,7,7,314,R_2y1wevP8Ky0i8lU
2020-04-09 9:51:35,2020-04-09 10:14:58,0,42.106.176.24,100,1403,1,2020-04-09 10:14:59,R_SCcYJNB2OcWaO1r,,,,,9.919006348,78.11950684,anonymous,EN,F3B2HPJG,TREATMENT DECISION,1,18,12,10,10,12,11,9,10,8,11,10,9,11,9,12,10,7,8,7,9,7,8,9,7,6,8,8,9,7,6,9,7,9,9,4,5,3,3,4,3,5,2,4,4,3,5,2,3,4,2,3,4,2,4,5,3,4,2,5,5,4,3,3,2,4,2,3,3,4,4,5,2,3,5,3,3,2,4,4,4,5,3,3,2,3,5,4,2,2,4,5,3,2,5,1,30,4,3,1,1,3,2,5,5,6,1,30000,ECONOMIC,17,MANAGER,2,2,1,26,24,24,32,24,7,4,4,7,5,4,10,6,5,4,10,2,2,1,3,2,3,3,4,5,3,4,3,4,5,3,2,4,5,2,3,4,5,3,3,4,5,2,3,3,1,4,5,3,2,4,4,4,6,6,4,14,14,6,100,5,12,25,THANKS FOR THE OPPORTUNITY. GOOD EXPERIMENT.,7,1,2,7,1,5,5,252,R_SCcYJNB2OcWaO1r
2020-04-09 10:07:22,2020-04-09 10:18:02,0,157.51.192.113,100,640,1,2020-04-09 10:18:03,R_e8uDNlHuTPDZTrz,,,,,13.08599854,80.27508545,anonymous,EN,v2L2OMbO,Easy to decide decision.,1,17,11,9,10,8,11,9,9,11,12,9,10,10,9,7,11,7,7,8,9,7,5,8,6,9,5,9,5,7,6,8,7,9,9,4,5,3,4,5,5,5,1,3,4,5,2,5,3,4,4,5,5,3,4,4,3,2,5,2,4,5,2,1,4,3,2,3,1,5,1,1,4,1,4,5,5,4,5,2,4,2,1,2,1,3,4,2,1,5,4,5,1,4,5,1,27,4,3,6,6,2,3,5,5,6,3,12500,Mechanical Engineering,17,Product Designer,1,1,1,24,27,24,26,26,10,4,5,9,7,4,10,5,4,7,10,3,1,2,3,1,2,2,3,1,3,4,4,2,3,4,5,4,5,3,1,2,4,2,3,4,4,3,5,5,1,3,4,5,3,4,14,14,14,14,6,4,14,14,15,21,11,7,,7,1,2,7,1,6,7,266,R_e8uDNlHuTPDZTrz
2020-04-09 10:05:22,2020-04-09 10:18:03,0,66.219.236.169,100,760,1,2020-04-09 10:18:04,R_2c0FzUdnywHeyE1,,,,,40.25840759,-111.6591034,anonymous,EN,zjYVz9rC,I didn't pick a treatment where the risk was higher than the potential benefit.,1,18,12,10,10,11,7,12,12,10,9,11,12,12,10,11,12,7,9,9,7,7,8,9,8,7,5,8,8,7,7,6,8,9,9,1,4,2,1,3,1,4,4,1,4,3,4,4,5,2,4,2,4,5,4,1,2,4,2,2,4,4,2,1,3,5,3,3,5,4,4,2,3,5,5,2,3,4,1,2,2,3,2,1,2,5,4,4,5,3,2,3,2,5,3,2,24,2,3,1,1,2,2,3,4,1,3,42000,Dietetics,16,Manufacturing - Document Control Specialist,2,2,2,28,22,22,28,22,3,6,5,4,6,6,10,10,5,4,7,2,2,2,2,1,1,4,4,3,2,4,4,1,3,4,5,4,2,2,2,3,3,5,2,2,4,4,4,4,1,4,3,4,4,3,3,4,6,6,6,6,2,6,25,30,20,50,,7,1,2,7,1,7,7,281,R_2c0FzUdnywHeyE1
2020-04-09 9:44:34,2020-04-09 10:21:39,0,18.188.218.122,100,2224,1,2020-04-09 10:21:40,R_2pMk6qQHOSrGPeR,,,,,39.96530151,-83.02349854,anonymous,EN,H1n3NxTE,simply,1,16,9,10,11,10,10,8,10,11,11,9,10,11,11,9,10,7,6,7,7,8,6,7,7,8,7,8,6,7,6,6,7,7,9,4,4,3,4,3,2,4,2,3,4,3,3,4,4,3,4,4,3,4,4,2,3,3,2,4,3,4,2,3,4,4,3,2,3,4,4,2,3,3,4,4,3,4,3,4,4,2,2,3,2,3,4,4,2,3,4,4,2,3,3,2,41,6,3,1,1,2,2,5,5,4,3,55000,Engineering,16,Designer in Constructions,1,2,1,31,27,24,32,26,5,4,6,5,3,5,10,5,4,3,7,1,2,2,1,2,2,4,3,3,2,4,4,3,3,2,4,4,3,3,2,4,3,3,3,4,4,3,3,4,1,2,2,3,3,4,4,6,3,3,4,2,3,4,20,5,24,30,Everything are good,5,2,4,5,2,5,5,251,R_2pMk6qQHOSrGPeR
2020-04-09 9:40:27,2020-04-09 10:21:52,0,82.33.84.244,100,2484,1,2020-04-09 10:21:53,R_V2oiCuxUtiHzqH7,,,,,52.43910217,-1.50390625,anonymous,EN,SZZHEbCj,I made decisions based on the possibility that patients will get a better effect or not.,1,17,12,11,9,9,8,12,12,9,10,11,12,11,9,9,7,7,9,8,6,5,7,8,9,9,5,6,8,9,4,8,4,4,9,2,4,3,3,2,3,4,5,3,4,3,3,4,2,4,4,4,2,3,2,1,3,5,3,2,4,3,4,4,4,4,3,2,4,2,5,3,2,3,4,2,4,2,3,2,2,3,4,2,3,4,4,3,3,2,3,4,4,3,3,1,29,4,4,5,11,1,2,1,1,2,1,7000,marketing,20,homemaker,4,2,2,24,24,24,24,27,4,7,6,6,6,7,10,4,3,6,5,2,1,1,1,2,3,4,4,2,3,5,5,2,3,4,4,3,2,3,3,4,3,5,1,2,3,5,4,2,1,3,2,3,4,3,6,6,6,6,6,14,6,14,40,30,20,4,It worked out well.,7,1,2,7,1,7,7,225,R_V2oiCuxUtiHzqH7
2020-04-09 10:12:30,2020-04-09 10:23:32,0,181.214.99.55,100,662,1,2020-04-09 10:23:34,R_2zjNcKdWMDfcIKu,,,,,41.84829712,-87.65170288,anonymous,EN,bhgpdiCH,based on the instruction,1,18,10,11,11,10,11,10,11,12,11,10,11,10,11,10,11,7,8,8,8,8,7,6,7,7,8,8,7,8,7,8,7,8,9,4,4,3,3,4,4,4,4,4,4,4,5,5,4,5,5,4,4,4,5,5,4,4,4,5,5,4,3,4,5,4,4,5,3,4,4,4,3,4,4,4,4,4,5,4,4,4,3,4,4,4,4,4,4,4,4,4,3,4,4,2,30,2,4,1,1,4,3,6,5,5,3,75000,computer,18,administrator,1,2,1,32,28,28,26,27,4,10,4,10,4,4,10,4,6,4,6,1,1,2,1,1,1,4,3,3,4,3,3,4,3,4,3,3,4,3,4,4,3,4,3,3,4,3,4,3,1,4,3,4,3,4,14,4,6,4,6,4,6,4,200,25,45,10,nice,5,6,6,5,6,6,6,256,R_2zjNcKdWMDfcIKu
2020-04-09 9:46:11,2020-04-09 10:24:30,0,173.244.36.5,100,2299,1,2020-04-09 10:24:31,R_20UnYJ8jMRRAskp,,,,,33.45320129,-112.0748978,anonymous,EN,hmzy534A,base on the instruction given,1,19,12,12,10,12,12,12,12,12,11,12,12,12,12,12,10,7,9,9,9,9,9,9,9,9,5,6,9,9,6,9,7,9,9,5,5,1,5,4,5,5,1,5,1,3,1,5,1,5,4,5,5,1,4,5,1,1,5,1,1,5,1,5,5,3,5,5,1,5,2,1,5,1,5,5,1,5,5,1,1,1,1,5,1,1,5,5,1,1,5,5,1,1,5,1,35,2,3,1,1,1,1,2,2,3,3,68000,Computer,16,"IT, Computer Analyst",1,2,2,22,27,22,22,27,7,10,10,10,10,10,10,10,5,7,10,2,1,1,1,2,1,1,5,1,1,4,4,3,5,5,3,5,5,4,1,2,4,3,1,5,5,5,5,5,1,1,5,4,4,5,6,14,6,14,14,4,4,14,10,30,35,15,everything was understandable,7,1,1,7,1,7,7,315,R_20UnYJ8jMRRAskp
2020-04-09 10:15:26,2020-04-09 10:24:36,0,69.115.255.141,100,549,1,2020-04-09 10:24:36,R_UMFJxghV2r2WUaR,,,,,40.61860657,-73.92720032,anonymous,EN,82RVyMsJ,"If the blue is bigger than the orange, it's good.",1,16,11,9,9,11,7,11,12,9,8,8,10,11,9,10,7,7,6,8,7,6,6,9,6,7,6,7,6,5,7,6,4,6,9,3,4,5,2,4,4,3,5,3,4,3,5,2,1,3,3,4,2,3,4,2,5,4,2,3,4,3,4,3,2,3,4,4,2,3,4,2,3,2,3,2,4,1,2,3,3,2,3,3,4,3,3,2,1,3,2,3,3,2,4,1,29,1,3,11,11,1,1,1,1,1,1,31000,Computer Systems,16,IT Associate,1,1,2,22,26,28,22,27,4,7,5,5,4,7,10,5,3,2,4,3,2,2,2,2,2,3,2,1,2,3,2,4,5,3,2,3,4,3,2,2,1,2,4,2,3,5,3,4,1,4,5,3,2,5,3,4,6,6,6,14,6,14,30,25,35,4,Everythings cool,7,1,3,7,1,6,7,213,R_UMFJxghV2r2WUaR
2020-04-09 9:44:44,2020-04-09 10:24:39,0,146.255.182.105,100,2394,1,2020-04-09 10:24:40,R_33pVqgwdWql6mYc,,,,,59.43299866,24.7322998,anonymous,EN,s9JzpfgL,By choosing from the chances from no changes to full cure ie. if the orange area had 1/3 or more space-> then I chose -> no treatment.,1,17,11,9,10,9,7,11,11,11,10,11,11,11,9,11,10,7,8,7,9,8,8,9,9,8,9,6,7,9,5,7,9,8,9,5,5,4,3,4,4,4,4,3,4,1,3,3,3,4,2,2,4,4,4,3,2,4,3,1,2,4,4,4,3,2,4,4,3,4,3,3,4,2,4,3,2,4,4,1,5,2,2,3,4,2,4,4,1,3,4,4,4,3,4,1,49,2,3,1,1,2,2,3,2,1,2,20000,Engineering,15,Currently unemployed,2,2,2,26,32,24,27,31,4,6,5,4,4,6,10,10,5,6,7,2,1,1,1,2,2,2,3,2,3,5,1,3,5,5,3,4,1,3,2,2,4,3,2,4,4,4,5,4,1,1,3,4,1,3,3,4,6,6,6,6,4,14,25,30,20,25,Everything worked as expected. Thank you !,7,1,1,7,1,7,7,271,R_33pVqgwdWql6mYc
2020-04-09 9:29:04,2020-04-09 10:26:13,0,73.124.103.214,100,3428,1,2020-04-09 10:26:14,R_1rcWIDkTJhNz94E,,,,,25.99200439,-80.27020264,anonymous,EN,WUTFOue2,I made it based on the safest choice. I didn't want to take too much of a risk.,1,14,7,7,10,12,7,7,12,12,10,12,12,7,11,12,7,7,7,6,6,7,9,9,9,7,7,6,8,9,6,6,7,7,9,4,4,1,5,2,4,4,1,4,5,1,1,4,1,4,1,1,3,1,3,3,1,1,4,1,4,4,1,4,1,1,3,4,1,3,1,1,4,1,5,4,1,4,4,1,5,1,1,4,1,1,4,4,1,3,4,4,1,1,4,1,29,2,2,8,8,1,1,1,1,1,2,40000,Business,14,Sales Manager,3,2,2,31,24,28,24,31,4,4,6,4,5,1,10,9,9,9,4,2,1,1,1,1,1,3,4,1,1,4,4,1,5,3,2,4,1,3,1,1,3,1,1,4,4,4,5,4,1,1,4,3,1,4,2,2,1,1,3,2,3,4,25,25,15,15,,6,2,2,6,1,6,6,272,R_1rcWIDkTJhNz94E
2020-04-09 10:00:30,2020-04-09 10:29:00,0,157.51.66.181,100,1710,1,2020-04-09 10:29:02,R_5nAESUNdIFax0ad,,,,,13.08599854,80.27508545,anonymous,EN,1gDkJcCP,SURE,1,19,11,11,12,12,11,11,12,12,11,12,12,10,12,12,11,7,9,9,8,9,9,7,8,8,9,8,9,9,7,8,7,9,9,5,5,4,4,5,3,4,4,5,5,4,4,5,3,5,4,4,5,4,4,5,4,4,5,5,4,5,4,5,3,4,4,5,3,4,4,5,5,4,5,5,5,4,5,4,5,5,5,3,4,4,5,5,5,5,3,5,4,4,5,1,26,4,3,6,6,2,4,3,3,4,1,40000,COMPUTER SEICENCE ,16,self-employed,2,1,1,28,27,28,27,27,10,7,10,10,7,7,10,7,10,6,10,2,2,1,1,3,2,5,4,5,5,4,3,5,5,5,4,5,4,5,3,5,5,3,5,5,4,4,5,4,1,5,4,4,5,5,14,6,6,14,14,6,6,14,10,30,20,0.05,very nice,7,6,6,7,7,5,6,275,R_5nAESUNdIFax0ad
2020-04-09 10:25:12,2020-04-09 10:33:21,0,64.39.93.152,100,488,1,2020-04-09 10:33:23,R_OcZnv33QIJWDPMZ,,,,,45.65739441,-68.71019745,anonymous,EN,0xKNli3l,by what color was the most,1,17,10,8,11,11,8,10,10,10,9,11,10,10,9,10,11,7,7,8,7,7,8,5,8,8,7,8,5,4,8,8,7,8,9,4,4,5,4,4,4,4,5,4,4,5,5,5,5,5,5,5,5,5,4,1,5,5,5,5,5,5,5,5,4,5,5,5,5,5,4,5,5,5,5,1,5,5,5,4,5,3,5,5,5,3,5,2,5,5,5,5,5,5,5,2,31,2,3,8,7,1,1,1,1,2,1,20k,computers,4,it tech,1,1,1,22,28,26,22,28,7,4,6,5,6,4,10,5,5,6,6,1,2,3,2,2,1,4,3,4,2,5,4,3,4,5,4,4,3,5,4,4,3,2,5,2,3,5,4,3,1,4,3,3,5,4,4,3,14,6,4,6,6,14,50,25,10,15,,7,1,1,1,1,7,7,233,R_OcZnv33QIJWDPMZ
2020-04-09 10:21:23,2020-04-09 10:33:25,0,160.3.43.65,100,722,1,2020-04-09 10:33:26,R_1rP0N3KwWEwsMsM,,,,,30.35740662,-89.16490173,anonymous,EN,wpchz8fz,I tried to avoid the negative effects especially if they were more likely than the positive. I would rather have no effect than negative.,1,18,11,11,10,10,7,12,11,10,8,9,12,12,11,11,11,7,9,8,9,9,8,9,9,9,6,7,7,6,4,6,9,8,9,2,4,2,1,2,2,4,2,2,2,4,2,3,4,2,4,2,5,5,5,2,2,3,2,4,4,3,4,2,3,5,3,4,5,4,3,2,3,4,3,2,4,3,2,2,2,2,2,1,2,4,4,4,4,2,2,2,4,5,2,2,31,2,2,1,1,2,2,1,6,1,3,30000,Radiology,15,Technology freelancer full time,2,1,2,27,22,32,27,22,2,4,4,4,4,2,10,5,5,2,5,2,2,2,2,2,2,4,4,2,2,4,5,1,4,4,5,4,2,2,2,2,4,5,2,1,5,4,5,4,1,5,4,4,5,4,1,1,1,1,6,4,4,6,50,30,40,20,Everything worked and was easy to follow and understand,7,1,1,7,1,7,7,266,R_1rP0N3KwWEwsMsM
2020-04-09 10:24:53,2020-04-09 10:33:59,0,168.235.94.218,100,546,1,2020-04-09 10:34:00,R_tDGkJxHe6kSryGR,,,,,45.54960632,-122.5043945,anonymous,EN,06h0Zgl2,good,1,19,11,12,11,12,12,11,12,12,12,11,11,12,11,12,11,12,9,9,9,8,9,9,8,9,8,9,8,9,9,8,9,9,9,5,4,5,4,5,5,4,5,5,4,5,5,5,4,5,5,4,5,4,4,5,5,4,5,5,5,5,4,5,5,4,5,5,5,4,4,5,4,5,5,5,5,4,5,5,4,5,4,4,4,5,5,4,5,5,4,5,5,5,5,1,33,1,3,1,1,4,4,6,5,3,3,60000,BA,20,SELF EMPLOYED,2,1,1,27,27,28,27,28,7,10,7,7,7,10,7,10,7,7,7,2,2,3,3,2,2,4,5,4,5,5,5,5,5,4,5,5,5,5,5,5,5,4,4,4,4,4,5,4,4,5,5,5,4,4,6,14,6,14,6,14,14,6,200,3,8,8,GOOD,7,6,7,6,6,6,7,267,R_tDGkJxHe6kSryGR
2020-04-09 10:23:14,2020-04-09 10:38:05,0,184.2.71.99,100,891,1,2020-04-09 10:38:06,R_2row40V8Z17WH64,,,,,38.12359619,-78.70950317,anonymous,EN,d9UbV0sj,"Since there was a chance of making the person unable to speak in every treatment option, I considered that too much of a risk in every case. After all, to begin with they had difficulty but at least could speak. The difference in going from difficulty to none is not worth the risk.",1,18,12,8,9,9,7,11,12,10,9,9,12,12,9,9,9,7,8,9,4,7,6,9,8,9,7,5,6,7,8,7,6,5,9,4,4,2,3,2,4,4,3,4,5,1,3,4,3,4,2,2,4,4,5,3,2,2,4,3,4,3,3,3,2,2,4,3,2,4,3,2,3,3,3,2,2,4,3,2,4,2,2,3,2,2,4,4,3,2,4,4,2,3,4,2,63,2,5,1,7,1,1,1,1,3,3,99000,physics and physiology,22,self employed on Turk these days,1,2,2,22,24,28,22,28,3,10,5,5,5,10,10,10,2,2,4,2,1,1,1,2,1,1,5,3,1,4,3,2,4,4,3,4,2,3,2,2,4,3,2,4,4,4,3,4,1,1,4,4,2,4,6,6,14,14,14,14,14,14,0.25,30,20,0.3,Last page of questions has two options that don't really make sense as disagree or disagree (words or numbers),6,2,2,6,2,6,6,273,R_2row40V8Z17WH64
2020-04-09 10:20:02,2020-04-09 10:39:33,0,67.166.140.47,100,1170,1,2020-04-09 10:39:33,R_3fOBwRnIzHyJP00,,,,,38.58790588,-121.405304,anonymous,EN,900EOHk1,I was making decisions based on how much it cured more and if it was worth getting the treatment.,1,18,11,7,11,12,7,8,10,9,10,11,11,11,10,11,7,7,7,8,5,8,8,9,7,8,5,8,9,7,4,6,8,8,9,2,5,1,2,4,4,4,2,4,4,1,4,3,4,2,5,2,4,4,4,1,1,1,2,5,2,2,4,2,2,5,4,4,5,5,5,4,4,4,4,2,5,3,2,1,2,4,1,1,2,5,4,4,4,5,2,1,4,5,2,2,39,4,2,11,11,1,2,1,2,3,2,"27,000",Early Childhood Education,14,"healthcare, office assistant",1,1,2,22,27,22,22,27,9,4,3,6,2,5,10,5,4,6,4,3,1,2,1,1,1,3,2,1,3,3,3,1,3,2,3,4,1,2,3,1,3,4,3,3,4,3,4,3,1,3,2,4,4,2,1,1,1,1,4,3,4,6,15,23,10,35,"The second part of the experiment didn't load on chrome so, I had to open it on another browser for the second part of the experiment to load fully.",7,1,2,6,1,6,6,253,R_3fOBwRnIzHyJP00
2020-04-09 10:30:52,2020-04-09 10:41:49,0,24.18.161.22,100,657,1,2020-04-09 10:41:50,R_3PAi0NdiehuyLmN,,,,,47.5579071,-122.1632996,anonymous,EN,y6m1AOsD,I based it on what percent of the box was blue and if it was worth it.,1,18,12,9,10,10,7,12,11,10,10,9,12,12,10,12,7,7,9,9,7,8,7,9,9,8,8,4,7,7,6,9,8,4,9,5,5,2,4,3,2,5,1,5,4,2,2,5,1,5,2,1,4,2,3,1,1,1,5,3,2,5,1,5,2,4,5,5,2,4,3,2,5,1,4,5,1,5,5,2,4,1,1,4,3,4,5,5,1,3,5,4,1,1,4,2,63,2,2,11,11,1,1,1,1,1,3,55000,none,12,full time- real estate agent,1,2,2,22,28,32,22,27,3,7,4,7,6,4,10,6,4,4,7,2,1,2,1,1,2,2,5,3,1,3,2,3,4,5,3,4,2,2,1,3,2,3,1,3,4,4,5,3,1,2,3,3,2,4,2,4,4,6,4,6,4,4,25,30,20,20,everything worked,7,1,1,7,1,7,7,283,R_3PAi0NdiehuyLmN
2020-04-09 10:30:16,2020-04-09 10:43:38,0,107.11.182.13,100,802,1,2020-04-09 10:43:39,R_3egcazKEjXObzFG,,,,,40.27380371,-81.86620331,anonymous,EN,CUyB01Th,"I was trying to make it so that the reward was worth the risk, to me. I wanted to be sure there was much less a chance of making things worse.",1,19,12,8,9,12,7,11,12,8,9,12,12,12,8,12,7,7,9,8,6,7,9,9,9,9,5,4,9,6,8,6,7,5,9,4,5,2,1,2,5,5,2,1,5,2,4,5,4,4,2,5,5,4,4,5,2,1,1,2,4,2,2,1,1,2,5,4,5,4,2,2,5,4,4,2,4,5,1,1,4,1,2,1,1,1,5,5,4,2,3,2,4,4,4,2,44,2,3,1,4,2,3,3,5,6,3,69900,Business,16,Full time Marketing Exec.,1,1,2,22,24,27,22,26,6,10,10,4,5,7,10,10,3,9,6,2,1,1,1,1,1,3,5,1,1,1,3,1,4,5,3,5,1,3,1,2,5,4,1,3,5,5,5,5,1,3,4,5,5,4,2,6,14,14,14,14,1,14,33,30,20,25,Everything was easy to understand and worked fine.,7,1,2,7,1,7,6,310,R_3egcazKEjXObzFG
2020-04-09 10:31:09,2020-04-09 10:44:27,0,96.57.65.98,100,797,1,2020-04-09 10:44:28,R_3RrMTUFwtrpkCaF,,,,,40.82749939,-73.12249756,anonymous,EN,XNHqndg3,"I wanted the ""Cure"" ( blue ) bar to be at least equal to the orange one. Preferably longer.",1,19,12,10,10,10,7,12,12,11,10,10,11,12,10,10,8,7,9,9,7,7,7,9,9,9,8,8,7,9,4,7,7,8,9,4,4,1,4,3,4,5,1,4,4,2,4,4,4,5,5,2,5,3,4,4,3,1,4,1,2,1,2,4,1,3,4,4,1,4,3,3,5,3,4,4,4,5,4,1,2,3,1,4,1,2,4,5,2,1,4,2,2,3,5,1,38,2,3,1,1,2,2,1,1,1,3,50000,Psychology,16,Full time - Warehouse Manager,3,1,2,24,24,28,24,24,4,5,6,7,6,6,10,10,5,7,6,2,1,2,1,2,2,4,4,1,1,4,4,4,4,4,2,4,1,3,1,2,4,2,1,4,4,3,4,4,1,2,4,4,1,4,6,6,6,6,6,6,6,6,25,30,20,50,All worked fine. Thank You !,7,1,1,7,1,7,7,285,R_3RrMTUFwtrpkCaF
2020-04-09 10:34:00,2020-04-09 10:46:32,0,70.185.107.87,100,751,1,2020-04-09 10:46:33,R_3HZBPEQumuc2usI,,,,,29.61380005,-82.38600159,anonymous,EN,tdDTyNLl,If it did not look like it had the possibility of getting a lot worse I would selection that option. ,1,18,11,10,10,11,8,11,11,10,10,11,12,11,10,11,9,7,8,8,7,7,8,9,9,8,7,6,7,8,7,7,7,7,9,2,5,1,4,3,3,4,1,4,3,2,1,4,1,3,4,1,4,2,3,2,1,1,4,2,2,4,1,4,3,4,5,5,2,3,3,1,4,1,3,3,2,4,4,3,2,1,1,2,3,2,5,5,1,2,3,4,2,2,3,2,38,2,3,1,1,2,2,2,5,6,3,110000,Business Administration,16,Full time- Education- Teacher,3,1,2,32,26,24,32,26,3,4,4,3,3,5,10,4,3,3,4,1,1,1,1,1,1,3,4,4,2,3,3,3,4,4,2,5,3,4,2,3,3,2,1,3,4,4,4,3,1,2,4,3,2,4,2,2,2,3,3,3,3,3,25,60,15,50,No problems.,7,1,1,7,1,7,7,274,R_3HZBPEQumuc2usI
2020-04-09 10:39:46,2020-04-09 10:47:42,0,172.223.180.236,100,476,1,2020-04-09 10:47:43,R_2anqGwzMTjbzyNj,,,,,35.87620544,-84.17459869,anonymous,EN,Ak80ZHjE,if the good outweighed the bad,1,19,12,7,9,7,7,12,12,11,7,7,12,12,8,11,7,7,9,9,5,6,4,9,9,7,5,5,4,8,9,5,4,4,9,1,4,2,2,1,1,4,2,3,5,2,3,4,3,5,5,1,4,2,5,1,2,2,2,1,3,2,1,1,1,5,4,4,4,5,4,2,5,3,5,3,3,4,2,1,1,1,2,2,1,4,4,5,3,1,3,2,2,3,5,2,34,2,3,1,7,1,1,1,1,1,3,49000,IT,16,IT Manager,1,2,2,22,26,26,31,28,9,6,3,4,5,10,10,7,2,3,3,3,2,2,2,3,2,4,5,1,1,4,3,1,4,5,3,4,1,2,1,2,5,3,1,3,5,4,5,5,1,3,4,5,3,4,4,14,14,14,6,14,6,6,25,30,20,25,,7,1,1,7,1,7,7,272,R_2anqGwzMTjbzyNj
2020-04-09 10:38:37,2020-04-09 10:48:19,0,170.76.184.94,100,582,1,2020-04-09 10:48:20,R_XoZM0N9PhAyuG9H,,,,,30.55580139,-100.6306992,anonymous,EN,OJ9RxLQ8,"I simply gauged if benefit outweighed the risk. So if it was much more likely to assist, it was a solid thing to try.",1,18,12,8,8,7,7,11,12,8,8,7,11,12,8,11,7,7,9,9,7,6,4,9,9,8,4,4,4,8,9,7,8,4,9,5,5,1,5,1,4,5,1,5,5,1,1,5,1,5,2,1,4,1,4,4,1,1,5,1,1,5,1,5,1,1,5,5,1,4,1,1,5,1,4,5,1,5,5,1,5,1,1,5,3,1,5,5,1,1,5,4,1,1,5,1,31,2,2,8,11,1,1,1,1,1,1,43000,NA,12,Service and Management,3,2,2,22,22,28,24,24,9,10,4,10,3,10,10,10,3,3,10,2,1,1,1,1,1,3,5,1,1,3,1,2,5,5,1,5,2,5,1,1,3,1,1,5,5,5,5,3,1,1,5,3,1,5,3,6,6,14,14,14,1,14,25,30,20,50,It was all fine. All smooth.,7,1,1,7,1,7,7,288,R_XoZM0N9PhAyuG9H
2020-04-09 10:25:41,2020-04-09 10:49:33,0,66.30.160.27,100,1431,1,2020-04-09 10:49:34,R_2Pk8WoLRBnzXZnm,,,,,42.03359985,-70.94950104,anonymous,EN,qf27dbHj,"I mostly went with my gut, except for the few extreme cases. When the alternative is no improvement, practically any chance of improvement is preferable, in my opinion.",1,17,10,8,9,7,7,10,11,9,8,7,10,11,8,10,7,7,7,8,5,4,4,9,8,7,5,5,4,4,8,5,7,4,9,4,2,2,5,2,4,4,3,4,4,3,4,4,2,5,3,3,4,3,3,4,1,2,4,4,3,3,3,5,3,3,2,3,2,4,1,3,5,1,4,4,3,4,5,2,3,3,2,4,5,2,2,4,2,3,2,2,3,1,4,1,34,2,3,1,8,1,1,1,1,1,1,58000,Liberal Studies,16,"project manager, tech",1,1,2,22,28,31,22,28,6,10,5,5,4,4,10,4,9,9,5,2,2,1,2,2,1,2,2,3,4,2,1,4,3,2,2,4,4,5,4,3,2,1,4,5,2,2,2,4,1,1,2,2,1,2,6,14,6,14,6,6,4,6,25,30,20,50,,6,1,1,7,1,6,6,221,R_2Pk8WoLRBnzXZnm
2020-04-09 10:29:22,2020-04-09 10:49:42,0,67.162.200.58,100,1220,1,2020-04-09 10:49:43,R_20OirnERVb2NrfV,,,,,34.79020691,-92.50440216,anonymous,EN,Ly8mJkxP,"I tried to only select the ones with more blue (cure) than orange, or if there wasn't very much blue and too much orange, I'd go with no treatment.  ",1,17,12,9,9,8,7,12,11,9,8,8,10,12,9,9,7,7,8,9,7,7,5,8,6,7,7,4,4,6,6,6,5,6,9,5,5,2,5,1,2,5,1,4,5,2,2,4,1,4,2,1,4,3,5,3,2,2,4,1,2,4,2,4,2,2,4,4,2,4,2,2,4,2,3,3,2,5,2,1,5,2,1,2,1,1,4,4,2,1,3,4,2,2,4,2,52,2,2,1,8,1,1,1,1,1,3,48000,Computer Science,15,Unemployed currently,1,1,2,22,28,32,31,27,9,7,3,4,3,10,10,10,3,5,5,1,1,2,2,2,1,3,2,2,1,4,2,2,4,5,1,5,2,5,2,2,3,2,2,4,4,4,5,4,1,1,4,3,1,3,4,4,4,4,14,2,14,14,20,30,40,50,It worked great.  Thank you. ,7,1,1,7,1,7,7,277,R_20OirnERVb2NrfV
2020-04-09 10:30:18,2020-04-09 10:54:14,0,71.76.243.180,100,1436,1,2020-04-09 10:54:15,R_3j6Wh1Ij1UKZmdG,,,,,35.87260437,-80.09290314,anonymous,EN,esSkjqdS,"I decided primarily based on how many people were helped. If it was disproportionate in the amount of people that the treatment hurt, then I chose no treatment. Otherwise, I typically chose the treatment option.",1,19,12,7,8,8,7,11,11,8,8,8,12,12,8,9,7,7,9,9,5,7,6,9,9,6,6,4,6,8,8,6,5,4,9,4,5,1,5,1,2,5,1,5,5,1,1,5,1,5,3,1,4,1,5,1,1,1,5,1,1,5,1,5,1,2,5,5,1,5,2,1,5,1,5,5,1,5,4,1,4,1,1,5,1,3,5,5,1,1,5,4,1,1,5,1,29,2,3,1,7,1,2,2,4,3,1,55000,Information Technology,16,"Media, Art Director",1,2,2,22,28,22,22,28,2,10,4,4,5,10,10,7,3,2,5,2,1,1,1,2,1,3,5,1,1,2,1,2,4,5,2,5,1,2,2,1,5,2,1,5,5,3,5,5,1,1,4,4,1,5,4,6,6,14,6,14,2,14,0.25,30,24,95,Everything was very intuitive and easy to understand. This was a fascinating study.,7,1,1,7,1,7,7,282,R_3j6Wh1Ij1UKZmdG
2020-04-09 10:47:02,2020-04-09 10:55:59,0,108.53.56.59,100,536,1,2020-04-09 10:55:59,R_xrBEQxEEz3JW4x3,,,,,40.84919739,-73.97350311,anonymous,EN,7HFUqvKS,"If there was a better chance of curing the problem than making it worse, I figured it was worth it to go ahead with the treatment option.",1,17,10,7,8,9,7,11,11,10,8,8,11,11,10,8,7,7,6,7,4,7,5,9,9,7,7,6,6,5,6,5,5,7,9,2,1,3,5,4,5,3,4,4,4,2,5,3,1,2,4,5,3,2,2,5,4,3,5,3,2,1,3,5,3,2,2,3,1,2,1,5,4,1,1,3,3,3,4,4,2,5,2,5,4,1,3,4,1,4,3,2,3,2,2,1,39,4,3,7,7,1,1,1,1,1,2,55000,English,16,Education - Director,3,1,2,22,32,28,22,27,3,7,2,10,7,3,10,2,9,9,3,2,2,2,2,2,1,1,1,5,5,2,1,4,1,2,2,1,3,5,5,5,2,2,5,5,2,2,1,1,1,1,1,2,1,1,14,14,14,14,6,4,3,14,25,30,20,20,All good,7,1,1,7,1,7,7,191,R_xrBEQxEEz3JW4x3
2020-04-09 10:45:25,2020-04-09 10:57:27,0,173.187.7.228,100,721,1,2020-04-09 10:57:28,R_1IsIhRVeGk3hIaN,,,,,34.980896,-80.06960297,anonymous,EN,PiGCo5DO,It had to be a situation where there was a high chance for a cure and a very low chance that situation would worsen.  It was all about risk versus reward.,1,19,10,9,9,12,7,12,11,11,9,11,12,11,12,10,12,7,8,7,6,7,8,9,9,7,7,7,8,4,5,6,4,7,9,4,4,2,3,2,4,4,1,4,4,2,5,4,4,4,2,2,4,5,5,4,4,1,3,2,1,1,2,3,1,2,4,4,4,5,2,4,4,4,5,4,5,4,3,2,4,3,2,2,1,1,3,5,4,2,4,1,2,4,4,1,45,2,2,1,1,2,3,2,4,4,2,34500,Business,13,Senior POS Technician (IT / Technical Support),3,2,2,26,22,28,26,22,5,10,10,2,3,5,10,5,3,2,5,2,1,2,1,1,1,5,4,2,2,4,2,2,4,5,2,4,2,2,1,3,4,3,2,4,4,4,4,4,1,2,4,4,2,4,6,6,6,14,4,4,3,4,20,30,22,50,"There was an issue with the questions about preferring words versus numbers.  For a couple of those questions, the options were ""helpful"" versus ""not helpful"" so I could not answer those with certainty based on the scale provided.  Feel free to reach out if you want clarification or need any further data.  I understood everything else and the HIT was well-designed overall.  Thanks for the HIT!  I did my best and hope the data is useful!",7,1,1,7,1,7,7,294,R_1IsIhRVeGk3hIaN
2020-04-09 10:58:58,2020-04-09 11:05:38,0,199.115.98.146,100,400,1,2020-04-09 11:05:39,R_12yUR8AGNxMHUgP,,,,,39.75010681,-104.995697,anonymous,EN,1fV9eonR,i followed my mind,1,17,11,10,10,10,9,8,9,9,10,8,9,10,10,10,9,7,7,7,6,7,8,7,6,7,8,7,8,8,8,7,8,8,9,4,3,2,3,4,3,3,2,2,2,4,3,2,2,3,3,2,3,2,3,4,4,3,2,3,3,3,3,2,4,3,2,3,2,3,3,3,4,3,3,2,4,3,3,2,4,3,3,2,3,3,4,3,2,3,3,4,3,3,4,1,25,2,3,1,1,3,3,5,5,5,1,67000,computer science,16,customer care agent,1,1,2,32,27,26,24,32,6,6,5,5,6,5,10,5,6,5,5,1,1,1,1,1,1,3,4,3,3,4,4,4,3,4,4,4,4,5,4,4,3,3,4,4,3,4,4,3,1,3,3,2,3,4,6,4,3,4,4,4,3,4,5,25,5,5,,5,1,1,7,1,6,7,234,R_12yUR8AGNxMHUgP
2020-04-09 11:01:26,2020-04-09 11:11:25,0,174.56.194.19,100,598,1,2020-04-09 11:11:25,R_u4Z2FvvykkVjMpH,,,,,33.52560425,-81.93689728,anonymous,EN,S1Darscu,very excellent,1,19,11,10,11,12,11,10,11,12,11,10,11,12,11,10,12,7,9,8,7,9,8,7,8,9,8,7,8,9,8,7,8,9,9,5,4,5,4,5,4,5,4,5,4,5,4,5,4,5,4,5,4,5,4,5,4,5,4,5,4,5,4,5,5,5,4,5,4,5,4,5,4,5,4,5,4,5,4,5,4,5,4,5,4,5,4,5,4,5,4,5,4,5,4,1,39,1,4,1,1,4,4,6,6,5,3,49000,Master degree,16,Finance,2,1,2,28,26,28,28,28,10,7,6,10,7,10,10,7,6,10,7,1,1,1,1,1,1,5,4,5,4,5,4,5,4,5,4,5,4,5,4,5,4,5,4,5,4,4,5,4,1,5,4,5,4,5,14,6,14,6,14,6,4,6,500,10,7,6,very excellent,7,1,5,6,2,6,7,261,R_u4Z2FvvykkVjMpH
2020-04-09 10:58:40,2020-04-09 11:12:19,0,73.236.40.189,100,818,1,2020-04-09 11:12:20,R_2dF1O0ayHs0Hkty,,,,,40.99580383,-80.32640076,anonymous,EN,9fV7rZQL,tried to maximize benefits without taking undo risks,1,18,11,10,10,11,8,11,12,11,10,11,12,12,11,12,11,7,8,9,8,6,9,9,7,8,7,5,6,9,5,8,7,8,9,4,4,1,5,2,2,5,1,5,5,2,1,5,1,4,2,1,4,1,5,3,1,1,4,1,2,4,1,5,2,2,4,4,1,5,2,1,5,1,4,4,1,5,4,2,4,1,1,4,1,2,5,5,1,2,5,5,1,1,4,1,60,2,2,1,1,1,2,1,5,3,3,48000,Humanities,15,food-manager,1,2,1,22,27,24,22,27,9,6,6,2,9,10,10,10,7,6,7,1,1,2,1,1,1,2,4,1,1,4,1,1,5,5,3,5,1,4,2,1,4,3,1,5,4,5,4,5,1,1,5,5,1,5,6,6,6,6,14,14,14,14,25,30,23,50,no,7,1,1,7,1,7,7,302,R_2dF1O0ayHs0Hkty
2020-04-09 11:00:26,2020-04-09 11:14:43,0,69.181.223.187,100,857,1,2020-04-09 11:14:44,R_YSbbyi71of8XVu1,,,,,37.77999878,-122.4649963,anonymous,EN,DVH0CHWa,"I looked to see if there was a greater cure vs worsening, and if there wasn't I opted for neutral",1,17,12,9,11,10,7,10,12,9,10,10,10,12,8,11,7,7,6,9,8,7,7,9,6,9,7,8,6,5,4,5,8,4,9,4,3,1,4,2,4,5,1,4,5,4,4,5,2,4,4,2,5,4,4,4,4,1,4,1,2,5,2,5,2,3,4,5,5,4,1,2,4,2,4,4,4,5,4,2,4,2,1,2,2,1,4,5,2,1,4,2,2,2,4,1,41,2,3,1,8,1,1,1,1,4,2,115000,finance,16,"Finance, planning and analysis - Business analyst",2,1,1,27,22,24,27,31,3,10,7,4,5,9,10,6,4,2,6,1,1,1,1,1,1,2,2,1,4,2,1,4,4,4,2,4,5,4,2,5,2,4,3,5,2,4,2,2,1,1,4,2,1,4,14,14,14,14,6,14,6,14,25,30,20,80,I think everything went smoothly,6,1,2,6,1,6,6,279,R_YSbbyi71of8XVu1
2020-04-09 10:54:38,2020-04-09 11:14:44,0,47.31.113.251,100,1205,1,2020-04-09 11:14:45,R_31RbTBEFaw674j2,,,,,28.65040588,77.23721313,anonymous,EN,JDklvCJX,"If the risk was quite less and chances of recovery were good, I would select it. Otherwise not.",1,18,10,7,7,8,7,9,11,8,7,8,10,10,8,9,7,7,7,7,7,4,6,8,6,7,5,7,5,6,8,7,7,7,9,1,3,4,2,2,1,2,4,3,4,3,1,2,3,4,4,2,3,4,5,1,1,3,1,1,4,4,4,3,2,4,4,3,4,5,5,3,3,4,5,2,4,2,3,2,2,4,4,3,1,4,3,3,4,1,2,3,4,2,4,1,27,4,3,6,6,2,3,1,2,3,1,3000,electronics,16,"self employed, freelancing",3,2,2,32,31,26,32,26,9,7,4,2,6,6,10,5,3,9,3,1,2,1,2,2,2,4,4,3,3,2,4,2,3,4,3,4,2,3,2,4,3,4,2,1,3,4,3,4,1,3,3,4,3,4,4,4,4,6,4,6,3,4,25,30,20,80,,7,1,1,7,1,7,7,219,R_31RbTBEFaw674j2
2020-04-09 10:55:16,2020-04-09 11:15:41,0,157.50.75.215,100,1225,1,2020-04-09 11:15:43,R_3lWEVGOaMhdJHQm,,,,,13.08599854,80.27508545,anonymous,EN,ob8sgPnT,good,1,18,11,12,11,11,10,11,11,11,10,11,11,11,10,11,11,7,8,7,8,8,8,8,7,8,8,8,7,8,8,7,8,8,9,4,5,4,3,4,4,3,4,4,4,4,3,4,4,4,4,3,4,4,4,4,4,3,4,4,3,4,4,3,4,4,4,3,4,4,3,4,3,3,4,4,3,4,3,4,4,3,4,4,3,4,4,4,3,4,4,3,4,4,3,2,33,4,3,6,6,2,2,1,3,4,3,2000,physics,15,manager,3,1,1,27,27,27,27,27,7,7,7,6,6,6,10,6,7,6,7,3,3,2,1,1,2,4,4,3,4,4,4,3,4,3,4,4,3,4,4,4,3,4,3,4,3,4,3,3,1,4,3,3,4,4,6,6,6,6,6,6,4,6,90,25,6,75,good experience,6,5,6,5,6,6,5,261,R_3lWEVGOaMhdJHQm
2020-04-09 11:02:35,2020-04-09 11:16:37,0,104.162.255.40,100,842,1,2020-04-09 11:16:38,R_3oBWK5dpgRRe7Ke,,,,,40.6914978,-73.853302,anonymous,EN,yCZDIVJF,"The option that was equaled in options like equally shared between outcomes and also avoided a large portion defined by ""cure""",1,17,10,9,11,10,7,10,9,11,8,10,9,12,11,11,7,7,7,7,7,8,8,9,9,8,8,4,7,6,4,6,7,7,9,2,4,1,5,1,2,5,1,4,5,1,2,5,1,4,5,2,5,4,5,2,1,1,5,1,1,4,1,5,1,5,4,5,2,5,2,1,5,2,5,4,4,5,5,1,2,2,1,4,1,4,5,5,1,1,4,4,1,1,5,2,33,3,3,1,11,1,2,1,1,1,1,55000,IT,16,Web developer,2,1,2,26,31,27,26,31,9,10,10,4,4,9,10,6,4,5,4,2,3,3,3,1,2,3,3,2,4,2,2,4,4,2,1,3,2,4,4,3,3,1,4,4,3,3,3,4,1,1,3,3,1,3,4,6,14,14,4,4,14,6,30,25,10,20,Everything worked great no issues,7,1,1,7,1,7,7,272,R_3oBWK5dpgRRe7Ke
2020-04-09 11:00:22,2020-04-09 11:20:42,0,216.163.1.233,100,1219,1,2020-04-09 11:20:43,R_2QEZr7QS0Yfbbma,,,,,35.92739868,-89.91889954,anonymous,EN,OcLXDFW8,"At first I assumed that any treatment would be better than no treatment, but then i decided no treatment would be better than making it worse, then I changed my mind back again, i didn't have a lot of time t think about this beforehand, so probably looks all over the place.",1,19,12,7,7,7,7,12,12,8,7,7,12,12,7,12,7,7,9,9,6,4,4,9,8,9,7,9,4,9,9,4,4,4,9,1,4,1,3,1,1,3,2,5,5,3,5,4,1,4,4,2,5,3,5,1,2,1,5,2,3,4,2,3,1,5,2,4,3,5,5,4,5,2,5,2,2,3,4,1,1,3,1,3,1,5,2,5,2,1,3,4,4,1,4,1,35,2,2,1,8,1,1,1,1,4,1,5000,fine arts,15,freelance,1,1,2,22,28,22,22,28,1,10,2,9,2,10,10,6,1,1,3,1,1,1,1,3,1,5,4,2,2,4,4,1,5,4,3,5,1,3,2,2,4,5,2,3,4,5,3,4,1,3,4,5,3,4,1,1,1,2,14,4,4,6,20,30,9,4,,7,1,1,7,1,7,7,236,R_2QEZr7QS0Yfbbma
2020-04-09 11:10:01,2020-04-09 11:22:26,0,157.51.214.24,100,745,1,2020-04-09 11:22:28,R_3j7J8eb86bP2RlC,,,,,13.08599854,80.27508545,anonymous,EN,0DeJj31H,easy to memory and perform,1,17,11,10,11,9,11,10,11,9,10,11,10,10,11,9,10,7,7,6,8,9,7,8,7,8,7,8,9,7,8,7,8,7,9,5,4,3,4,5,3,4,5,3,3,4,5,4,3,2,3,4,5,3,4,5,4,3,4,5,3,4,3,4,5,4,3,5,2,3,4,3,2,1,3,4,5,3,4,2,3,4,1,2,3,4,5,3,4,4,3,2,1,3,4,1,29,4,4,6,6,2,2,3,3,5,3,25000,Computer,19,software,2,1,1,24,26,24,26,27,6,7,5,6,7,5,10,6,5,6,5,2,3,3,2,3,1,3,4,3,4,3,4,3,3,4,3,4,3,4,3,4,3,5,4,3,4,3,4,3,1,3,4,3,4,3,4,6,4,4,4,6,4,6,100,20,36,15,very knowledgeable one,7,1,2,7,1,6,7,238,R_3j7J8eb86bP2RlC
2020-04-09 11:12:17,2020-04-09 11:24:55,0,173.27.197.177,100,757,1,2020-04-09 11:24:56,R_2q7CpTMtba0taZw,,,,,41.6381073,-93.62030029,anonymous,EN,sc0GzfQg,ratio of success verse failure verse no action,1,15,8,8,8,7,7,8,9,8,7,10,8,11,8,8,7,7,6,6,5,6,6,6,7,6,6,5,6,4,6,6,6,6,9,1,1,4,3,2,4,3,4,4,4,3,2,3,3,4,4,4,3,3,5,3,2,2,2,3,3,4,3,2,3,3,3,3,4,4,3,2,3,3,4,4,3,2,2,3,4,3,3,2,2,3,3,3,4,3,2,2,3,3,4,1,30,2,3,8,11,1,1,1,1,1,1,50000,economics,16,"analyst, finance ",3,1,2,31,26,28,32,26,4,4,4,9,9,9,10,4,5,5,4,2,2,2,2,2,2,3,1,2,5,5,3,5,2,3,2,3,2,3,4,3,2,3,2,3,2,3,3,2,1,3,4,3,3,2,3,4,4,4,4,3,4,6,40,25,25,12,nothing,7,1,1,7,1,7,7,215,R_2q7CpTMtba0taZw
2020-04-09 11:13:12,2020-04-09 11:27:05,0,108.28.198.174,100,832,1,2020-04-09 11:27:06,R_UWuEhBqoW6BF12F,,,,,38.77409363,-77.2385025,anonymous,EN,DKC9xIiL,"If there was a significant negative effect of the treatment, I chose no treatment. It is better to not negatively affect a person",1,17,10,9,9,8,7,9,10,9,9,8,10,9,9,8,8,7,6,6,6,6,6,6,4,7,6,5,5,6,5,6,7,6,9,4,4,2,4,3,2,3,2,5,5,2,2,4,2,5,2,4,4,3,5,2,2,2,4,2,2,4,2,4,2,2,3,3,2,5,2,2,4,3,4,2,2,4,4,2,2,2,2,2,2,2,3,3,2,2,4,4,2,2,5,2,32,4,3,1,1,3,3,5,6,6,1,48000,graphic design,16,graphic designer,3,2,2,31,31,32,32,26,2,4,4,4,4,4,10,4,3,3,4,2,2,2,2,2,1,2,4,2,3,4,2,2,4,4,4,4,2,4,3,2,4,4,2,4,3,4,4,4,1,2,3,4,2,4,2,2,2,4,6,1,6,6,30,30,20,20,none,7,1,2,1,1,7,7,247,R_UWuEhBqoW6BF12F
2020-04-09 11:19:43,2020-04-09 11:27:26,0,171.49.195.226,100,463,1,2020-04-09 11:27:27,R_6eXVP7iEA8qwkz7,,,,,13.08599854,80.27508545,anonymous,EN,57GPgW07,very confident,1,19,11,12,11,12,11,12,11,12,11,12,11,12,11,12,11,7,9,8,9,8,9,8,8,9,9,8,9,8,9,8,9,8,9,5,4,5,4,5,4,5,4,5,5,4,5,4,5,4,4,5,5,5,4,4,4,5,4,5,5,4,5,4,5,4,5,5,4,5,4,5,4,4,5,5,4,5,5,4,5,5,4,5,4,5,4,5,4,5,4,5,4,5,4,1,26,4,4,1,1,4,4,5,5,5,3,600000,m.b.a,12,full time,2,1,1,28,27,26,28,28,10,7,10,7,10,7,10,7,10,7,10,2,2,2,1,3,1,4,5,5,4,5,4,5,4,5,4,5,4,5,4,5,4,5,4,5,4,5,4,5,1,5,5,5,4,5,14,14,6,14,14,6,14,6,500,4,50,20,no thanks,7,6,7,6,7,6,7,269,R_6eXVP7iEA8qwkz7
2020-04-09 11:22:46,2020-04-09 11:30:22,0,96.44.7.130,100,455,1,2020-04-09 11:30:24,R_1BWwEM8I1yeyCfc,,,,,39.99139404,-83.00340271,anonymous,EN,ZSWumv5N,"I wanted minimal risk of the function worsening. However, there needed to be adequate chance for it to better as well.",1,18,11,8,10,11,7,11,12,11,10,11,12,12,10,11,7,7,7,9,5,8,9,9,8,9,7,5,9,4,4,6,8,5,9,1,5,2,5,4,2,5,3,4,5,4,2,5,2,3,5,1,5,4,2,1,1,4,4,3,3,5,3,4,4,5,4,4,4,2,4,1,5,1,4,2,1,5,4,2,2,1,1,4,5,3,5,4,1,4,1,4,1,2,3,1,21,2,2,1,1,2,1,3,2,1,2,20000,Computer Science,14,Software Engineer,2,1,2,26,31,26,27,31,10,5,7,4,4,2,10,4,2,3,4,1,2,2,2,1,2,4,4,2,2,2,2,2,5,3,2,4,3,4,2,1,2,2,2,4,3,5,5,2,1,1,4,1,1,5,6,14,14,14,14,14,4,14,25,30,20,80,No issues.,7,1,1,7,1,7,7,253,R_1BWwEM8I1yeyCfc
2020-04-09 11:00:22,2020-04-09 11:46:51,0,173.248.135.26,100,2788,1,2020-04-09 11:46:52,R_25YeUtjA7nSFWAz,,,,,37.75100708,-97.8219986,anonymous,EN,UY1nGDdk,I using the treatment strategy ,1,17,9,10,9,10,11,11,10,11,10,11,10,11,10,10,11,7,8,7,8,7,8,7,8,7,8,9,7,8,7,8,7,8,9,3,4,4,3,4,3,4,3,4,4,5,4,3,4,5,4,3,4,4,3,4,5,4,3,4,5,4,4,3,4,5,4,3,4,3,4,4,3,4,5,4,3,4,5,3,4,5,4,3,4,5,4,3,4,4,5,3,4,5,4,1,29,2,3,1,1,2,2,3,3,3,3,30000,Accountancy,18,Full Employment ,1,2,1,31,28,26,31,27,7,6,5,7,6,7,10,7,10,7,5,2,1,3,2,1,3,4,3,3,4,5,4,4,3,3,4,3,4,4,3,4,3,4,3,5,3,4,3,4,3,4,5,3,4,5,4,6,4,6,6,4,6,4,400,30,20,0.5,This experiment was very well and interesting. Thank you.,7,1,1,7,1,7,7,241,R_25YeUtjA7nSFWAz
2020-04-09 11:35:50,2020-04-09 12:04:17,0,104.244.148.51,100,1706,1,2020-04-09 12:04:18,R_1gBc5fi291J1cxF,,,,,32.14430237,-85.71489716,anonymous,EN,f4rE7dqe,My decisions were based on whether or not the treatment would cure the patient or worsen the condition.,1,15,9,7,9,11,7,8,10,8,10,11,11,11,9,11,12,7,8,9,4,7,9,9,9,9,4,9,9,5,4,8,4,8,9,1,2,1,4,4,2,5,2,4,5,1,5,4,2,2,4,4,2,1,2,1,1,2,4,4,4,2,4,4,2,4,5,4,1,2,4,2,4,2,4,4,5,4,5,1,1,2,2,2,5,4,5,5,2,5,2,1,4,2,4,2,40,1,2,3,3,3,2,1,6,2,1,69999,n/a,12,n/a,3,1,2,22,22,28,22,22,9,4,4,2,9,6,10,4,4,4,4,1,1,1,1,1,1,4,4,2,3,2,1,4,2,3,1,2,5,4,3,5,1,2,2,4,3,4,2,2,1,1,1,2,2,1,1,6,6,6,6,6,4,6,40,15,33,2,The experiment ran smoothly.,6,2,2,6,3,6,5,220,R_1gBc5fi291J1cxF
2020-04-09 11:58:53,2020-04-09 12:14:31,0,72.187.30.164,100,938,1,2020-04-09 12:14:32,R_21uCTQZ6n4HOkv5,,,,,28.07679749,-82.44599915,anonymous,EN,Ij0t1xEf,"I mostly chose to assign the treatment if the chances of worsening the condition were very low, or if the chances of curing it were high, or both.",1,15,10,7,7,7,7,8,10,9,7,7,10,12,8,11,7,7,4,9,6,6,4,9,8,9,5,6,4,9,6,5,5,4,9,1,1,2,2,4,5,4,1,2,4,2,5,5,2,4,5,4,5,4,2,4,1,1,4,1,2,4,1,5,2,4,3,5,2,3,2,1,5,1,5,4,2,5,4,2,1,4,1,2,5,1,4,5,1,1,3,2,1,2,4,1,39,2,2,1,8,1,1,1,1,1,3,42000,NA,12,customer service representative,1,1,2,22,28,24,22,28,4,5,7,6,3,3,10,3,9,9,2,2,1,1,1,2,1,2,1,4,4,1,1,4,2,2,1,2,3,5,4,5,1,1,4,5,1,2,1,2,1,1,1,2,1,1,4,6,6,14,3,6,6,6,25,30,20,20,"No issues, all good.",7,1,1,7,1,7,7,240,R_21uCTQZ6n4HOkv5
2020-04-09 11:43:33,2020-04-09 12:20:40,0,64.44.80.100,100,2226,1,2020-04-09 12:20:49,R_2uQfaix8VsWGRNy,,,,,39.61239624,-104.8804016,anonymous,EN,NznHUemh,If the orange color is more than the blue I extremely go for the gray,1,17,12,12,12,12,7,11,12,11,7,8,10,12,12,12,11,7,9,9,9,9,9,9,9,9,8,9,8,9,4,6,9,8,9,5,5,1,5,3,4,5,1,5,5,1,1,5,5,5,4,5,5,2,5,5,1,1,5,1,1,5,1,5,3,3,5,5,1,5,1,1,5,1,5,5,3,5,5,1,3,1,1,2,1,3,5,5,1,3,5,5,2,1,5,1,27,2,3,1,1,2,2,3,3,4,2,"70,000",Psychology,17,"Employed Full time -  Human Resources, Associate",2,2,2,26,24,24,24,24,10,10,10,10,10,10,10,10,10,10,10,2,1,1,1,1,2,5,5,3,5,3,4,3,5,5,5,5,5,5,1,3,4,3,1,5,5,5,5,5,1,2,5,4,5,5,6,6,6,6,14,14,14,14,20,30,20,25,"Interesting experiment. Yes, No.",7,1,1,7,1,7,7,310,R_2uQfaix8VsWGRNy
2020-04-09 12:15:43,2020-04-09 13:00:16,0,157.50.246.55,100,2672,1,2020-04-09 13:00:18,R_2rDeaXphVGNOZe0,,,,,13.08599854,80.27508545,anonymous,EN,XPLaqvKf,it was been very well great do this making the task.,1,18,10,12,11,11,12,11,10,11,12,10,12,11,10,9,12,7,8,7,9,8,7,6,8,9,8,7,8,9,8,7,9,8,9,3,4,4,5,5,4,3,5,4,5,3,4,3,5,4,5,4,5,3,4,3,4,5,5,4,5,3,5,4,4,3,4,5,4,5,4,4,5,4,3,4,4,5,5,3,4,4,5,5,3,4,3,5,3,5,5,4,3,4,5,1,31,4,3,1,1,3,3,4,5,5,3,"$20,000",BA,16,IT and customer service executive,1,1,1,32,27,28,24,28,6,7,5,6,4,6,10,7,10,6,5,2,3,1,2,2,3,4,5,4,3,5,4,3,4,5,4,3,4,5,5,4,2,3,4,5,4,4,5,3,1,4,5,4,2,3,6,14,4,14,6,6,4,14,25,30,20,0.5,it has been really good learning and well experience study.,6,7,6,5,6,4,7,252,R_2rDeaXphVGNOZe0
2020-04-09 12:58:13,2020-04-09 13:23:02,0,45.4.196.115,100,1489,1,2020-04-09 13:23:03,R_1JIJTFjGlX8So4u,,,,,40.75030518,-74.00140381,anonymous,EN,3sT9yQQk,GOOD,1,18,10,11,12,11,10,11,11,10,11,12,11,10,11,11,10,7,8,9,8,8,9,8,7,8,8,9,8,7,8,8,8,8,9,4,5,4,4,5,4,4,4,5,4,5,5,4,4,5,4,4,5,4,4,5,4,5,4,5,4,4,5,4,5,4,5,4,4,5,4,4,5,4,5,4,5,4,5,4,4,5,4,5,4,5,4,4,4,4,4,5,4,4,5,1,29,2,4,1,1,2,3,5,5,5,3,75000,Computer Science,14,online worker,1,1,2,26,28,24,24,28,7,6,6,7,7,6,10,7,6,7,5,1,2,2,1,2,2,4,4,3,4,4,3,4,5,4,4,3,4,4,4,5,4,3,4,4,5,4,5,4,1,3,4,4,3,4,6,4,6,6,14,6,4,6,500,25,70,25,good to work ,6,6,7,6,5,6,7,255,R_1JIJTFjGlX8So4u
2020-04-09 13:45:53,2020-04-09 14:01:50,0,74.209.57.141,100,957,1,2020-04-09 14:01:52,R_1InkVLNmynAB2bf,,,,,39.62440491,-84.37640381,anonymous,EN,G8XcnRd8,went with my gut.,1,17,9,11,10,10,9,8,11,11,8,9,10,10,7,9,8,7,8,7,6,7,5,9,9,7,6,7,5,6,8,7,6,5,9,4,3,2,3,2,4,3,1,3,4,2,1,4,3,2,4,3,2,4,3,2,1,4,3,3,1,2,4,3,5,3,2,1,4,3,5,3,2,1,2,5,4,3,2,4,3,2,5,4,3,2,3,1,2,1,5,3,2,4,2,2,46,2,3,1,1,3,3,5,6,5,3,85000,marketing,16,unemployed,2,1,2,27,31,32,28,32,5,4,3,9,3,7,10,5,5,3,4,1,2,3,2,1,2,4,3,2,3,4,3,4,2,3,4,1,2,4,3,5,4,4,2,3,3,4,3,2,1,2,4,3,4,3,4,3,6,3,14,4,3,2,33,25,35,40,,6,5,3,3,4,3,4,229,R_1InkVLNmynAB2bf
2020-04-09 13:55:24,2020-04-09 14:02:23,0,73.195.83.118,100,418,1,2020-04-09 14:02:24,R_2zeZjWqzPd7yBgT,,,,,40.07069397,-74.50689697,anonymous,EN,w[A1UCB0,I only chose to treat if I felt like this odds were highly in favor of improvement.,1,17,11,7,8,7,7,11,11,8,8,8,10,11,8,9,7,7,8,9,4,5,5,9,8,7,7,6,6,7,9,7,6,6,9,2,3,3,2,3,4,3,3,2,4,3,3,3,4,3,4,3,3,4,3,3,4,3,2,2,3,3,3,2,3,4,3,3,4,3,3,4,3,4,4,3,3,3,2,2,3,3,3,2,3,3,2,3,4,3,2,3,4,4,3,3,35,2,2,1,1,1,1,1,2,2,1,10000,Computer Science,14,Information Services Freelancer,1,1,2,22,28,24,22,27,3,5,4,3,4,5,10,5,4,3,4,2,1,1,2,2,1,5,3,4,3,2,3,3,3,3,3,2,3,3,3,3,2,4,3,3,3,4,3,3,1,2,2,3,3,2,4,4,4,6,6,6,4,6,25,30,20,50,Everything worked and I have no other feedback.,7,1,1,7,1,7,7,233,R_2zeZjWqzPd7yBgT